crop_file,source_image,source_number,x,y,width,height
crop_0001_src01.jpg,604EF500-5993-4D9F-BD64-3EAE61B8AFFE_1_105_c(1).jpeg,1,232,146,74,85
crop_0002_src01.jpg,604EF500-5993-4D9F-BD64-3EAE61B8AFFE_1_105_c(1).jpeg,1,335,154,81,46
crop_0003_src01.jpg,604EF500-5993-4D9F-BD64-3EAE61B8AFFE_1_105_c(1).jpeg,1,347,128,44,39
crop_0004_src01.jpg,604EF500-5993-4D9F-BD64-3EAE61B8AFFE_1_105_c(1).jpeg,1,692,167,53,63
crop_0005_src01.jpg,604EF500-5993-4D9F-BD64-3EAE61B8AFFE_1_105_c(1).jpeg,1,896,148,46,40
crop_0006_src01.jpg,604EF500-5993-4D9F-BD64-3EAE61B8AFFE_1_105_c(1).jpeg,1,90,194,87,78
crop_0007_src01.jpg,604EF500-5993-4D9F-BD64-3EAE61B8AFFE_1_105_c(1).jpeg,1,357,184,64,55
crop_0008_src01.jpg,604EF500-5993-4D9F-BD64-3EAE61B8AFFE_1_105_c(1).jpeg,1,489,227,67,44
crop_0009_src01.jpg,604EF500-5993-4D9F-BD64-3EAE61B8AFFE_1_105_c(1).jpeg,1,143,268,81,64
crop_0010_src01.jpg,604EF500-5993-4D9F-BD64-3EAE61B8AFFE_1_105_c(1).jpeg,1,238,239,95,72
crop_0011_src01.jpg,604EF500-5993-4D9F-BD64-3EAE61B8AFFE_1_105_c(1).jpeg,1,347,244,39,41
crop_0012_src01.jpg,604EF500-5993-4D9F-BD64-3EAE61B8AFFE_1_105_c(1).jpeg,1,798,261,55,44
crop_0013_src01.jpg,604EF500-5993-4D9F-BD64-3EAE61B8AFFE_1_105_c(1).jpeg,1,258,314,90,89
crop_0014_src01.jpg,604EF500-5993-4D9F-BD64-3EAE61B8AFFE_1_105_c(1).jpeg,1,598,296,118,84
crop_0015_src01.jpg,604EF500-5993-4D9F-BD64-3EAE61B8AFFE_1_105_c(1).jpeg,1,821,329,55,52
crop_0016_src01.jpg,604EF500-5993-4D9F-BD64-3EAE61B8AFFE_1_105_c(1).jpeg,1,148,345,101,148
crop_0017_src01.jpg,604EF500-5993-4D9F-BD64-3EAE61B8AFFE_1_105_c(1).jpeg,1,238,404,64,62
crop_0018_src01.jpg,604EF500-5993-4D9F-BD64-3EAE61B8AFFE_1_105_c(1).jpeg,1,925,373,57,56
crop_0019_src01.jpg,604EF500-5993-4D9F-BD64-3EAE61B8AFFE_1_105_c(1).jpeg,1,844,454,42,39
crop_0020_src01.jpg,604EF500-5993-4D9F-BD64-3EAE61B8AFFE_1_105_c(1).jpeg,1,852,419,41,49
crop_0021_src01.jpg,604EF500-5993-4D9F-BD64-3EAE61B8AFFE_1_105_c(1).jpeg,1,944,455,45,49
crop_0022_src01.jpg,604EF500-5993-4D9F-BD64-3EAE61B8AFFE_1_105_c(1).jpeg,1,973,415,48,36
crop_0023_src01.jpg,604EF500-5993-4D9F-BD64-3EAE61B8AFFE_1_105_c(1).jpeg,1,169,474,54,58
crop_0024_src01.jpg,604EF500-5993-4D9F-BD64-3EAE61B8AFFE_1_105_c(1).jpeg,1,218,509,90,57
crop_0025_src01.jpg,604EF500-5993-4D9F-BD64-3EAE61B8AFFE_1_105_c(1).jpeg,1,285,526,50,47
crop_0026_src01.jpg,604EF500-5993-4D9F-BD64-3EAE61B8AFFE_1_105_c(1).jpeg,1,943,515,41,41
crop_0027_src01.jpg,604EF500-5993-4D9F-BD64-3EAE61B8AFFE_1_105_c(1).jpeg,1,158,550,56,67
crop_0028_src01.jpg,604EF500-5993-4D9F-BD64-3EAE61B8AFFE_1_105_c(1).jpeg,1,330,550,69,81
crop_0029_src01.jpg,604EF500-5993-4D9F-BD64-3EAE61B8AFFE_1_105_c(1).jpeg,1,871,534,54,53
crop_0030_src01.jpg,604EF500-5993-4D9F-BD64-3EAE61B8AFFE_1_105_c(1).jpeg,1,684,607,124,94
crop_0031_src01.jpg,604EF500-5993-4D9F-BD64-3EAE61B8AFFE_1_105_c(1).jpeg,1,566,671,81,50
crop_0032_src02.jpg,0D9AD872-A43C-4CB3-8989-A8972E52BC3E_1_105_c.jpeg,2,342,101,46,40
crop_0033_src02.jpg,0D9AD872-A43C-4CB3-8989-A8972E52BC3E_1_105_c.jpeg,2,226,117,80,90
crop_0034_src02.jpg,0D9AD872-A43C-4CB3-8989-A8972E52BC3E_1_105_c.jpeg,2,333,128,74,44
crop_0035_src02.jpg,0D9AD872-A43C-4CB3-8989-A8972E52BC3E_1_105_c.jpeg,2,353,155,68,60
crop_0036_src02.jpg,0D9AD872-A43C-4CB3-8989-A8972E52BC3E_1_105_c.jpeg,2,693,138,54,67
crop_0037_src02.jpg,0D9AD872-A43C-4CB3-8989-A8972E52BC3E_1_105_c.jpeg,2,910,125,39,36
crop_0038_src02.jpg,0D9AD872-A43C-4CB3-8989-A8972E52BC3E_1_105_c.jpeg,2,82,168,91,80
crop_0039_src02.jpg,0D9AD872-A43C-4CB3-8989-A8972E52BC3E_1_105_c.jpeg,2,135,166,236,153
crop_0040_src02.jpg,0D9AD872-A43C-4CB3-8989-A8972E52BC3E_1_105_c.jpeg,2,345,218,39,48
crop_0041_src02.jpg,0D9AD872-A43C-4CB3-8989-A8972E52BC3E_1_105_c.jpeg,2,491,205,68,49
crop_0042_src02.jpg,0D9AD872-A43C-4CB3-8989-A8972E52BC3E_1_105_c.jpeg,2,546,207,62,43
crop_0043_src02.jpg,0D9AD872-A43C-4CB3-8989-A8972E52BC3E_1_105_c.jpeg,2,137,242,84,67
crop_0044_src02.jpg,0D9AD872-A43C-4CB3-8989-A8972E52BC3E_1_105_c.jpeg,2,215,287,36,41
crop_0045_src02.jpg,0D9AD872-A43C-4CB3-8989-A8972E52BC3E_1_105_c.jpeg,2,541,255,36,39
crop_0046_src02.jpg,0D9AD872-A43C-4CB3-8989-A8972E52BC3E_1_105_c.jpeg,2,149,325,94,134
crop_0047_src02.jpg,0D9AD872-A43C-4CB3-8989-A8972E52BC3E_1_105_c.jpeg,2,258,289,86,87
crop_0048_src02.jpg,0D9AD872-A43C-4CB3-8989-A8972E52BC3E_1_105_c.jpeg,2,609,281,119,87
crop_0049_src02.jpg,0D9AD872-A43C-4CB3-8989-A8972E52BC3E_1_105_c.jpeg,2,824,304,40,39
crop_0050_src02.jpg,0D9AD872-A43C-4CB3-8989-A8972E52BC3E_1_105_c.jpeg,2,237,380,64,64
crop_0051_src02.jpg,0D9AD872-A43C-4CB3-8989-A8972E52BC3E_1_105_c.jpeg,2,593,358,37,44
crop_0052_src02.jpg,0D9AD872-A43C-4CB3-8989-A8972E52BC3E_1_105_c.jpeg,2,850,398,45,68
crop_0053_src02.jpg,0D9AD872-A43C-4CB3-8989-A8972E52BC3E_1_105_c.jpeg,2,930,352,52,49
crop_0054_src02.jpg,0D9AD872-A43C-4CB3-8989-A8972E52BC3E_1_105_c.jpeg,2,169,452,52,57
crop_0055_src02.jpg,0D9AD872-A43C-4CB3-8989-A8972E52BC3E_1_105_c.jpeg,2,237,464,68,41
crop_0056_src02.jpg,0D9AD872-A43C-4CB3-8989-A8972E52BC3E_1_105_c.jpeg,2,952,431,39,39
crop_0057_src02.jpg,0D9AD872-A43C-4CB3-8989-A8972E52BC3E_1_105_c.jpeg,2,161,529,52,57
crop_0058_src02.jpg,0D9AD872-A43C-4CB3-8989-A8972E52BC3E_1_105_c.jpeg,2,218,485,92,56
crop_0059_src02.jpg,0D9AD872-A43C-4CB3-8989-A8972E52BC3E_1_105_c.jpeg,2,286,499,50,50
crop_0060_src02.jpg,0D9AD872-A43C-4CB3-8989-A8972E52BC3E_1_105_c.jpeg,2,497,470,43,39
crop_0061_src02.jpg,0D9AD872-A43C-4CB3-8989-A8972E52BC3E_1_105_c.jpeg,2,872,508,53,51
crop_0062_src02.jpg,0D9AD872-A43C-4CB3-8989-A8972E52BC3E_1_105_c.jpeg,2,944,488,39,41
crop_0063_src02.jpg,0D9AD872-A43C-4CB3-8989-A8972E52BC3E_1_105_c.jpeg,2,325,524,78,90
crop_0064_src02.jpg,0D9AD872-A43C-4CB3-8989-A8972E52BC3E_1_105_c.jpeg,2,583,646,62,48
crop_0065_src02.jpg,0D9AD872-A43C-4CB3-8989-A8972E52BC3E_1_105_c.jpeg,2,684,580,124,93
crop_0066_src03.jpg,484CB90D-3433-4BF8-8B70-5384B8A1F433_1_105_c(1).jpeg,3,57,117,109,100
crop_0067_src03.jpg,484CB90D-3433-4BF8-8B70-5384B8A1F433_1_105_c(1).jpeg,3,181,110,80,72
crop_0068_src03.jpg,484CB90D-3433-4BF8-8B70-5384B8A1F433_1_105_c(1).jpeg,3,238,150,37,39
crop_0069_src03.jpg,484CB90D-3433-4BF8-8B70-5384B8A1F433_1_105_c(1).jpeg,3,251,140,122,140
crop_0070_src03.jpg,484CB90D-3433-4BF8-8B70-5384B8A1F433_1_105_c(1).jpeg,3,416,98,151,127
crop_0071_src03.jpg,484CB90D-3433-4BF8-8B70-5384B8A1F433_1_105_c(1).jpeg,3,607,280,37,42
crop_0072_src03.jpg,484CB90D-3433-4BF8-8B70-5384B8A1F433_1_105_c(1).jpeg,3,697,280,36,39
crop_0073_src03.jpg,484CB90D-3433-4BF8-8B70-5384B8A1F433_1_105_c(1).jpeg,3,90,308,235,161
crop_0074_src03.jpg,484CB90D-3433-4BF8-8B70-5384B8A1F433_1_105_c(1).jpeg,3,275,300,88,112
crop_0075_src03.jpg,484CB90D-3433-4BF8-8B70-5384B8A1F433_1_105_c(1).jpeg,3,366,307,64,84
crop_0076_src03.jpg,484CB90D-3433-4BF8-8B70-5384B8A1F433_1_105_c(1).jpeg,3,437,296,63,92
crop_0077_src03.jpg,484CB90D-3433-4BF8-8B70-5384B8A1F433_1_105_c(1).jpeg,3,460,281,153,128
crop_0078_src03.jpg,484CB90D-3433-4BF8-8B70-5384B8A1F433_1_105_c(1).jpeg,3,675,307,37,47
crop_0079_src03.jpg,484CB90D-3433-4BF8-8B70-5384B8A1F433_1_105_c(1).jpeg,3,452,388,96,51
crop_0080_src03.jpg,484CB90D-3433-4BF8-8B70-5384B8A1F433_1_105_c(1).jpeg,3,182,408,107,117
crop_0081_src03.jpg,484CB90D-3433-4BF8-8B70-5384B8A1F433_1_105_c(1).jpeg,3,293,417,154,158
crop_0082_src03.jpg,484CB90D-3433-4BF8-8B70-5384B8A1F433_1_105_c(1).jpeg,3,464,437,74,56
crop_0083_src03.jpg,484CB90D-3433-4BF8-8B70-5384B8A1F433_1_105_c(1).jpeg,3,552,414,156,105
crop_0084_src03.jpg,484CB90D-3433-4BF8-8B70-5384B8A1F433_1_105_c(1).jpeg,3,647,429,46,43
crop_0085_src03.jpg,484CB90D-3433-4BF8-8B70-5384B8A1F433_1_105_c(1).jpeg,3,104,471,173,243
crop_0086_src03.jpg,484CB90D-3433-4BF8-8B70-5384B8A1F433_1_105_c(1).jpeg,3,262,571,98,98
crop_0087_src03.jpg,484CB90D-3433-4BF8-8B70-5384B8A1F433_1_105_c(1).jpeg,3,497,537,80,56
crop_0088_src03.jpg,484CB90D-3433-4BF8-8B70-5384B8A1F433_1_105_c(1).jpeg,3,550,532,47,36
crop_0089_src03.jpg,484CB90D-3433-4BF8-8B70-5384B8A1F433_1_105_c(1).jpeg,3,476,638,37,46
crop_0090_src03.jpg,484CB90D-3433-4BF8-8B70-5384B8A1F433_1_105_c(1).jpeg,3,593,618,79,55
crop_0091_src03.jpg,484CB90D-3433-4BF8-8B70-5384B8A1F433_1_105_c(1).jpeg,3,723,615,45,40
crop_0092_src03.jpg,484CB90D-3433-4BF8-8B70-5384B8A1F433_1_105_c(1).jpeg,3,120,676,122,140
crop_0093_src03.jpg,484CB90D-3433-4BF8-8B70-5384B8A1F433_1_105_c(1).jpeg,3,436,649,68,70
crop_0094_src03.jpg,484CB90D-3433-4BF8-8B70-5384B8A1F433_1_105_c(1).jpeg,3,225,706,159,138
crop_0095_src03.jpg,484CB90D-3433-4BF8-8B70-5384B8A1F433_1_105_c(1).jpeg,3,584,744,91,73
crop_0096_src03.jpg,484CB90D-3433-4BF8-8B70-5384B8A1F433_1_105_c(1).jpeg,3,650,713,46,45
crop_0097_src03.jpg,484CB90D-3433-4BF8-8B70-5384B8A1F433_1_105_c(1).jpeg,3,706,743,62,63
crop_0098_src03.jpg,484CB90D-3433-4BF8-8B70-5384B8A1F433_1_105_c(1).jpeg,3,121,812,103,136
crop_0099_src03.jpg,484CB90D-3433-4BF8-8B70-5384B8A1F433_1_105_c(1).jpeg,3,341,782,73,74
crop_0100_src03.jpg,484CB90D-3433-4BF8-8B70-5384B8A1F433_1_105_c(1).jpeg,3,520,807,54,63
crop_0101_src03.jpg,484CB90D-3433-4BF8-8B70-5384B8A1F433_1_105_c(1).jpeg,3,235,879,79,87
crop_0102_src03.jpg,484CB90D-3433-4BF8-8B70-5384B8A1F433_1_105_c(1).jpeg,3,386,822,151,174
crop_0103_src03.jpg,484CB90D-3433-4BF8-8B70-5384B8A1F433_1_105_c(1).jpeg,3,632,818,102,142
crop_0104_src03.jpg,484CB90D-3433-4BF8-8B70-5384B8A1F433_1_105_c(1).jpeg,3,538,891,77,84
crop_0105_src04.jpg,1338A48A-3425-4085-A8C3-5685D7AD8D27_1_105_c(1).jpeg,4,706,49,62,39
crop_0106_src04.jpg,1338A48A-3425-4085-A8C3-5685D7AD8D27_1_105_c(1).jpeg,4,586,143,101,109
crop_0107_src04.jpg,1338A48A-3425-4085-A8C3-5685D7AD8D27_1_105_c(1).jpeg,4,689,152,68,54
crop_0108_src04.jpg,1338A48A-3425-4085-A8C3-5685D7AD8D27_1_105_c(1).jpeg,4,239,197,37,45
crop_0109_src04.jpg,1338A48A-3425-4085-A8C3-5685D7AD8D27_1_105_c(1).jpeg,4,606,224,84,63
crop_0110_src04.jpg,1338A48A-3425-4085-A8C3-5685D7AD8D27_1_105_c(1).jpeg,4,683,209,42,41
crop_0111_src04.jpg,1338A48A-3425-4085-A8C3-5685D7AD8D27_1_105_c(1).jpeg,4,720,200,48,46
crop_0112_src04.jpg,1338A48A-3425-4085-A8C3-5685D7AD8D27_1_105_c(1).jpeg,4,729,179,39,36
crop_0113_src04.jpg,1338A48A-3425-4085-A8C3-5685D7AD8D27_1_105_c(1).jpeg,4,120,250,36,45
crop_0114_src04.jpg,1338A48A-3425-4085-A8C3-5685D7AD8D27_1_105_c(1).jpeg,4,312,274,36,58
crop_0115_src04.jpg,1338A48A-3425-4085-A8C3-5685D7AD8D27_1_105_c(1).jpeg,4,0,314,148,104
crop_0116_src04.jpg,1338A48A-3425-4085-A8C3-5685D7AD8D27_1_105_c(1).jpeg,4,162,307,37,38
crop_0117_src04.jpg,1338A48A-3425-4085-A8C3-5685D7AD8D27_1_105_c(1).jpeg,4,472,288,96,88
crop_0118_src04.jpg,1338A48A-3425-4085-A8C3-5685D7AD8D27_1_105_c(1).jpeg,4,218,380,79,90
crop_0119_src04.jpg,1338A48A-3425-4085-A8C3-5685D7AD8D27_1_105_c(1).jpeg,4,403,355,59,42
crop_0120_src04.jpg,1338A48A-3425-4085-A8C3-5685D7AD8D27_1_105_c(1).jpeg,4,64,458,44,44
crop_0121_src04.jpg,1338A48A-3425-4085-A8C3-5685D7AD8D27_1_105_c(1).jpeg,4,111,450,46,42
crop_0122_src04.jpg,1338A48A-3425-4085-A8C3-5685D7AD8D27_1_105_c(1).jpeg,4,386,439,102,120
crop_0123_src04.jpg,1338A48A-3425-4085-A8C3-5685D7AD8D27_1_105_c(1).jpeg,4,503,429,117,83
crop_0124_src04.jpg,1338A48A-3425-4085-A8C3-5685D7AD8D27_1_105_c(1).jpeg,4,707,458,61,62
crop_0125_src04.jpg,1338A48A-3425-4085-A8C3-5685D7AD8D27_1_105_c(1).jpeg,4,244,480,41,56
crop_0126_src04.jpg,1338A48A-3425-4085-A8C3-5685D7AD8D27_1_105_c(1).jpeg,4,257,527,43,58
crop_0127_src04.jpg,1338A48A-3425-4085-A8C3-5685D7AD8D27_1_105_c(1).jpeg,4,392,495,49,63
crop_0128_src04.jpg,1338A48A-3425-4085-A8C3-5685D7AD8D27_1_105_c(1).jpeg,4,319,525,80,92
crop_0129_src04.jpg,1338A48A-3425-4085-A8C3-5685D7AD8D27_1_105_c(1).jpeg,4,391,566,139,159
crop_0130_src04.jpg,1338A48A-3425-4085-A8C3-5685D7AD8D27_1_105_c(1).jpeg,4,535,553,36,52
crop_0131_src04.jpg,1338A48A-3425-4085-A8C3-5685D7AD8D27_1_105_c(1).jpeg,4,56,627,86,60
crop_0132_src04.jpg,1338A48A-3425-4085-A8C3-5685D7AD8D27_1_105_c(1).jpeg,4,179,622,55,47
crop_0133_src04.jpg,1338A48A-3425-4085-A8C3-5685D7AD8D27_1_105_c(1).jpeg,4,234,604,40,36
crop_0134_src04.jpg,1338A48A-3425-4085-A8C3-5685D7AD8D27_1_105_c(1).jpeg,4,308,611,65,68
crop_0135_src04.jpg,1338A48A-3425-4085-A8C3-5685D7AD8D27_1_105_c(1).jpeg,4,552,641,60,70
crop_0136_src04.jpg,1338A48A-3425-4085-A8C3-5685D7AD8D27_1_105_c(1).jpeg,4,702,601,66,129
crop_0137_src04.jpg,1338A48A-3425-4085-A8C3-5685D7AD8D27_1_105_c(1).jpeg,4,47,749,81,64
crop_0138_src04.jpg,1338A48A-3425-4085-A8C3-5685D7AD8D27_1_105_c(1).jpeg,4,112,715,39,38
crop_0139_src04.jpg,1338A48A-3425-4085-A8C3-5685D7AD8D27_1_105_c(1).jpeg,4,160,740,62,58
crop_0140_src04.jpg,1338A48A-3425-4085-A8C3-5685D7AD8D27_1_105_c(1).jpeg,4,353,705,62,87
crop_0141_src04.jpg,1338A48A-3425-4085-A8C3-5685D7AD8D27_1_105_c(1).jpeg,4,494,709,50,75
crop_0142_src04.jpg,1338A48A-3425-4085-A8C3-5685D7AD8D27_1_105_c(1).jpeg,4,523,714,48,45
crop_0143_src04.jpg,1338A48A-3425-4085-A8C3-5685D7AD8D27_1_105_c(1).jpeg,4,251,823,69,80
crop_0144_src04.jpg,1338A48A-3425-4085-A8C3-5685D7AD8D27_1_105_c(1).jpeg,4,322,798,103,93
crop_0145_src04.jpg,1338A48A-3425-4085-A8C3-5685D7AD8D27_1_105_c(1).jpeg,4,387,790,112,107
crop_0146_src04.jpg,1338A48A-3425-4085-A8C3-5685D7AD8D27_1_105_c(1).jpeg,4,499,766,103,93
crop_0147_src04.jpg,1338A48A-3425-4085-A8C3-5685D7AD8D27_1_105_c(1).jpeg,4,95,841,58,98
crop_0148_src04.jpg,1338A48A-3425-4085-A8C3-5685D7AD8D27_1_105_c(1).jpeg,4,115,830,44,39
crop_0149_src04.jpg,1338A48A-3425-4085-A8C3-5685D7AD8D27_1_105_c(1).jpeg,4,286,842,50,57
crop_0150_src04.jpg,1338A48A-3425-4085-A8C3-5685D7AD8D27_1_105_c(1).jpeg,4,0,888,63,70
crop_0151_src05.jpg,6144C732-F4FA-483A-A964-0D6E9F4E6AD5_1_105_c(1).jpeg,5,0,191,120,97
crop_0152_src05.jpg,6144C732-F4FA-483A-A964-0D6E9F4E6AD5_1_105_c(1).jpeg,5,81,204,73,90
crop_0153_src05.jpg,6144C732-F4FA-483A-A964-0D6E9F4E6AD5_1_105_c(1).jpeg,5,204,172,69,75
crop_0154_src05.jpg,6144C732-F4FA-483A-A964-0D6E9F4E6AD5_1_105_c(1).jpeg,5,411,197,223,134
crop_0155_src05.jpg,6144C732-F4FA-483A-A964-0D6E9F4E6AD5_1_105_c(1).jpeg,5,620,204,58,58
crop_0156_src05.jpg,6144C732-F4FA-483A-A964-0D6E9F4E6AD5_1_105_c(1).jpeg,5,687,194,42,54
crop_0157_src05.jpg,6144C732-F4FA-483A-A964-0D6E9F4E6AD5_1_105_c(1).jpeg,5,273,285,69,54
crop_0158_src05.jpg,6144C732-F4FA-483A-A964-0D6E9F4E6AD5_1_105_c(1).jpeg,5,317,276,90,81
crop_0159_src05.jpg,6144C732-F4FA-483A-A964-0D6E9F4E6AD5_1_105_c(1).jpeg,5,478,280,87,72
crop_0160_src05.jpg,6144C732-F4FA-483A-A964-0D6E9F4E6AD5_1_105_c(1).jpeg,5,570,265,55,63
crop_0161_src05.jpg,6144C732-F4FA-483A-A964-0D6E9F4E6AD5_1_105_c(1).jpeg,5,205,301,92,76
crop_0162_src05.jpg,6144C732-F4FA-483A-A964-0D6E9F4E6AD5_1_105_c(1).jpeg,5,395,335,48,38
crop_0163_src05.jpg,6144C732-F4FA-483A-A964-0D6E9F4E6AD5_1_105_c(1).jpeg,5,498,335,53,87
crop_0164_src05.jpg,6144C732-F4FA-483A-A964-0D6E9F4E6AD5_1_105_c(1).jpeg,5,75,378,106,108
crop_0165_src05.jpg,6144C732-F4FA-483A-A964-0D6E9F4E6AD5_1_105_c(1).jpeg,5,223,399,63,48
crop_0166_src05.jpg,6144C732-F4FA-483A-A964-0D6E9F4E6AD5_1_105_c(1).jpeg,5,275,378,79,58
crop_0167_src05.jpg,6144C732-F4FA-483A-A964-0D6E9F4E6AD5_1_105_c(1).jpeg,5,351,387,39,42
crop_0168_src05.jpg,6144C732-F4FA-483A-A964-0D6E9F4E6AD5_1_105_c(1).jpeg,5,393,390,39,58
crop_0169_src05.jpg,6144C732-F4FA-483A-A964-0D6E9F4E6AD5_1_105_c(1).jpeg,5,435,405,54,48
crop_0170_src05.jpg,6144C732-F4FA-483A-A964-0D6E9F4E6AD5_1_105_c(1).jpeg,5,151,446,39,43
crop_0171_src05.jpg,6144C732-F4FA-483A-A964-0D6E9F4E6AD5_1_105_c(1).jpeg,5,180,443,37,50
crop_0172_src05.jpg,6144C732-F4FA-483A-A964-0D6E9F4E6AD5_1_105_c(1).jpeg,5,283,423,85,82
crop_0173_src05.jpg,6144C732-F4FA-483A-A964-0D6E9F4E6AD5_1_105_c(1).jpeg,5,350,425,79,65
crop_0174_src05.jpg,6144C732-F4FA-483A-A964-0D6E9F4E6AD5_1_105_c(1).jpeg,5,472,409,67,68
crop_0175_src05.jpg,6144C732-F4FA-483A-A964-0D6E9F4E6AD5_1_105_c(1).jpeg,5,507,426,87,85
crop_0176_src05.jpg,6144C732-F4FA-483A-A964-0D6E9F4E6AD5_1_105_c(1).jpeg,5,638,420,84,69
crop_0177_src05.jpg,6144C732-F4FA-483A-A964-0D6E9F4E6AD5_1_105_c(1).jpeg,5,135,503,67,70
crop_0178_src05.jpg,6144C732-F4FA-483A-A964-0D6E9F4E6AD5_1_105_c(1).jpeg,5,200,482,79,63
crop_0179_src05.jpg,6144C732-F4FA-483A-A964-0D6E9F4E6AD5_1_105_c(1).jpeg,5,258,503,84,72
crop_0180_src05.jpg,6144C732-F4FA-483A-A964-0D6E9F4E6AD5_1_105_c(1).jpeg,5,334,488,68,86
crop_0181_src05.jpg,6144C732-F4FA-483A-A964-0D6E9F4E6AD5_1_105_c(1).jpeg,5,368,514,48,51
crop_0182_src05.jpg,6144C732-F4FA-483A-A964-0D6E9F4E6AD5_1_105_c(1).jpeg,5,432,489,62,49
crop_0183_src05.jpg,6144C732-F4FA-483A-A964-0D6E9F4E6AD5_1_105_c(1).jpeg,5,470,477,86,79
crop_0184_src05.jpg,6144C732-F4FA-483A-A964-0D6E9F4E6AD5_1_105_c(1).jpeg,5,552,518,46,36
crop_0185_src05.jpg,6144C732-F4FA-483A-A964-0D6E9F4E6AD5_1_105_c(1).jpeg,5,656,519,63,69
crop_0186_src05.jpg,6144C732-F4FA-483A-A964-0D6E9F4E6AD5_1_105_c(1).jpeg,5,721,490,47,62
crop_0187_src05.jpg,6144C732-F4FA-483A-A964-0D6E9F4E6AD5_1_105_c(1).jpeg,5,109,570,67,75
crop_0188_src05.jpg,6144C732-F4FA-483A-A964-0D6E9F4E6AD5_1_105_c(1).jpeg,5,208,548,80,84
crop_0189_src05.jpg,6144C732-F4FA-483A-A964-0D6E9F4E6AD5_1_105_c(1).jpeg,5,470,559,63,56
crop_0190_src05.jpg,6144C732-F4FA-483A-A964-0D6E9F4E6AD5_1_105_c(1).jpeg,5,516,541,96,81
crop_0191_src05.jpg,6144C732-F4FA-483A-A964-0D6E9F4E6AD5_1_105_c(1).jpeg,5,602,545,40,46
crop_0192_src05.jpg,6144C732-F4FA-483A-A964-0D6E9F4E6AD5_1_105_c(1).jpeg,5,694,583,74,74
crop_0193_src05.jpg,6144C732-F4FA-483A-A964-0D6E9F4E6AD5_1_105_c(1).jpeg,5,209,591,48,40
crop_0194_src05.jpg,6144C732-F4FA-483A-A964-0D6E9F4E6AD5_1_105_c(1).jpeg,5,230,626,39,63
crop_0195_src05.jpg,6144C732-F4FA-483A-A964-0D6E9F4E6AD5_1_105_c(1).jpeg,5,304,607,42,36
crop_0196_src05.jpg,6144C732-F4FA-483A-A964-0D6E9F4E6AD5_1_105_c(1).jpeg,5,390,639,46,41
crop_0197_src05.jpg,6144C732-F4FA-483A-A964-0D6E9F4E6AD5_1_105_c(1).jpeg,5,425,605,90,81
crop_0198_src05.jpg,6144C732-F4FA-483A-A964-0D6E9F4E6AD5_1_105_c(1).jpeg,5,497,607,84,72
crop_0199_src05.jpg,6144C732-F4FA-483A-A964-0D6E9F4E6AD5_1_105_c(1).jpeg,5,565,599,86,96
crop_0200_src05.jpg,6144C732-F4FA-483A-A964-0D6E9F4E6AD5_1_105_c(1).jpeg,5,627,588,92,84
crop_0201_src05.jpg,6144C732-F4FA-483A-A964-0D6E9F4E6AD5_1_105_c(1).jpeg,5,68,655,78,86
crop_0202_src05.jpg,6144C732-F4FA-483A-A964-0D6E9F4E6AD5_1_105_c(1).jpeg,5,212,706,39,50
crop_0203_src05.jpg,6144C732-F4FA-483A-A964-0D6E9F4E6AD5_1_105_c(1).jpeg,5,382,692,68,53
crop_0204_src05.jpg,6144C732-F4FA-483A-A964-0D6E9F4E6AD5_1_105_c(1).jpeg,5,524,652,67,80
crop_0205_src05.jpg,6144C732-F4FA-483A-A964-0D6E9F4E6AD5_1_105_c(1).jpeg,5,642,659,55,62
crop_0206_src05.jpg,6144C732-F4FA-483A-A964-0D6E9F4E6AD5_1_105_c(1).jpeg,5,682,648,73,72
crop_0207_src05.jpg,6144C732-F4FA-483A-A964-0D6E9F4E6AD5_1_105_c(1).jpeg,5,130,738,69,73
crop_0208_src05.jpg,6144C732-F4FA-483A-A964-0D6E9F4E6AD5_1_105_c(1).jpeg,5,209,739,91,106
crop_0209_src05.jpg,6144C732-F4FA-483A-A964-0D6E9F4E6AD5_1_105_c(1).jpeg,5,275,738,94,108
crop_0210_src05.jpg,6144C732-F4FA-483A-A964-0D6E9F4E6AD5_1_105_c(1).jpeg,5,376,720,67,90
crop_0211_src05.jpg,6144C732-F4FA-483A-A964-0D6E9F4E6AD5_1_105_c(1).jpeg,5,422,735,68,80
crop_0212_src05.jpg,6144C732-F4FA-483A-A964-0D6E9F4E6AD5_1_105_c(1).jpeg,5,479,721,71,79
crop_0213_src05.jpg,6144C732-F4FA-483A-A964-0D6E9F4E6AD5_1_105_c(1).jpeg,5,547,706,79,84
crop_0214_src05.jpg,6144C732-F4FA-483A-A964-0D6E9F4E6AD5_1_105_c(1).jpeg,5,607,723,66,78
crop_0215_src05.jpg,6144C732-F4FA-483A-A964-0D6E9F4E6AD5_1_105_c(1).jpeg,5,695,725,66,70
crop_0216_src05.jpg,6144C732-F4FA-483A-A964-0D6E9F4E6AD5_1_105_c(1).jpeg,5,597,785,69,66
crop_0217_src05.jpg,6144C732-F4FA-483A-A964-0D6E9F4E6AD5_1_105_c(1).jpeg,5,589,839,179,112
crop_0218_src06.jpg,A48CA7E3-64E8-4C05-A91F-14BC69B69B0B_1_105_c(1).jpeg,6,132,212,41,50
crop_0219_src06.jpg,A48CA7E3-64E8-4C05-A91F-14BC69B69B0B_1_105_c(1).jpeg,6,356,181,52,69
crop_0220_src06.jpg,A48CA7E3-64E8-4C05-A91F-14BC69B69B0B_1_105_c(1).jpeg,6,584,215,57,59
crop_0221_src06.jpg,A48CA7E3-64E8-4C05-A91F-14BC69B69B0B_1_105_c(1).jpeg,6,127,266,97,92
crop_0222_src06.jpg,A48CA7E3-64E8-4C05-A91F-14BC69B69B0B_1_105_c(1).jpeg,6,230,264,68,69
crop_0223_src06.jpg,A48CA7E3-64E8-4C05-A91F-14BC69B69B0B_1_105_c(1).jpeg,6,501,231,71,81
crop_0224_src06.jpg,A48CA7E3-64E8-4C05-A91F-14BC69B69B0B_1_105_c(1).jpeg,6,714,248,54,69
crop_0225_src06.jpg,A48CA7E3-64E8-4C05-A91F-14BC69B69B0B_1_105_c(1).jpeg,6,0,327,113,69
crop_0226_src06.jpg,A48CA7E3-64E8-4C05-A91F-14BC69B69B0B_1_105_c(1).jpeg,6,152,336,87,97
crop_0227_src06.jpg,A48CA7E3-64E8-4C05-A91F-14BC69B69B0B_1_105_c(1).jpeg,6,212,342,39,55
crop_0228_src06.jpg,A48CA7E3-64E8-4C05-A91F-14BC69B69B0B_1_105_c(1).jpeg,6,417,332,44,69
crop_0229_src06.jpg,A48CA7E3-64E8-4C05-A91F-14BC69B69B0B_1_105_c(1).jpeg,6,444,333,37,55
crop_0230_src06.jpg,A48CA7E3-64E8-4C05-A91F-14BC69B69B0B_1_105_c(1).jpeg,6,467,309,64,75
crop_0231_src06.jpg,A48CA7E3-64E8-4C05-A91F-14BC69B69B0B_1_105_c(1).jpeg,6,35,400,36,51
crop_0232_src06.jpg,A48CA7E3-64E8-4C05-A91F-14BC69B69B0B_1_105_c(1).jpeg,6,111,396,108,100
crop_0233_src06.jpg,A48CA7E3-64E8-4C05-A91F-14BC69B69B0B_1_105_c(1).jpeg,6,196,392,96,89
crop_0234_src06.jpg,A48CA7E3-64E8-4C05-A91F-14BC69B69B0B_1_105_c(1).jpeg,6,282,353,67,63
crop_0235_src06.jpg,A48CA7E3-64E8-4C05-A91F-14BC69B69B0B_1_105_c(1).jpeg,6,317,348,95,56
crop_0236_src06.jpg,A48CA7E3-64E8-4C05-A91F-14BC69B69B0B_1_105_c(1).jpeg,6,388,355,50,37
crop_0237_src06.jpg,A48CA7E3-64E8-4C05-A91F-14BC69B69B0B_1_105_c(1).jpeg,6,490,371,78,96
crop_0238_src06.jpg,A48CA7E3-64E8-4C05-A91F-14BC69B69B0B_1_105_c(1).jpeg,6,541,396,66,67
crop_0239_src06.jpg,A48CA7E3-64E8-4C05-A91F-14BC69B69B0B_1_105_c(1).jpeg,6,0,439,67,62
crop_0240_src06.jpg,A48CA7E3-64E8-4C05-A91F-14BC69B69B0B_1_105_c(1).jpeg,6,168,455,69,66
crop_0241_src06.jpg,A48CA7E3-64E8-4C05-A91F-14BC69B69B0B_1_105_c(1).jpeg,6,318,431,81,70
crop_0242_src06.jpg,A48CA7E3-64E8-4C05-A91F-14BC69B69B0B_1_105_c(1).jpeg,6,439,433,67,64
crop_0243_src06.jpg,A48CA7E3-64E8-4C05-A91F-14BC69B69B0B_1_105_c(1).jpeg,6,482,451,68,52
crop_0244_src06.jpg,A48CA7E3-64E8-4C05-A91F-14BC69B69B0B_1_105_c(1).jpeg,6,568,461,54,75
crop_0245_src06.jpg,A48CA7E3-64E8-4C05-A91F-14BC69B69B0B_1_105_c(1).jpeg,6,633,459,57,63
crop_0246_src06.jpg,A48CA7E3-64E8-4C05-A91F-14BC69B69B0B_1_105_c(1).jpeg,6,105,503,38,46
crop_0247_src06.jpg,A48CA7E3-64E8-4C05-A91F-14BC69B69B0B_1_105_c(1).jpeg,6,119,487,101,90
crop_0248_src06.jpg,A48CA7E3-64E8-4C05-A91F-14BC69B69B0B_1_105_c(1).jpeg,6,197,477,96,102
crop_0249_src06.jpg,A48CA7E3-64E8-4C05-A91F-14BC69B69B0B_1_105_c(1).jpeg,6,393,475,97,95
crop_0250_src06.jpg,A48CA7E3-64E8-4C05-A91F-14BC69B69B0B_1_105_c(1).jpeg,6,478,493,74,56
crop_0251_src06.jpg,A48CA7E3-64E8-4C05-A91F-14BC69B69B0B_1_105_c(1).jpeg,6,546,525,60,63
crop_0252_src06.jpg,A48CA7E3-64E8-4C05-A91F-14BC69B69B0B_1_105_c(1).jpeg,6,705,510,63,80
crop_0253_src06.jpg,A48CA7E3-64E8-4C05-A91F-14BC69B69B0B_1_105_c(1).jpeg,6,120,585,40,47
crop_0254_src06.jpg,A48CA7E3-64E8-4C05-A91F-14BC69B69B0B_1_105_c(1).jpeg,6,173,557,103,86
crop_0255_src06.jpg,A48CA7E3-64E8-4C05-A91F-14BC69B69B0B_1_105_c(1).jpeg,6,261,543,72,86
crop_0256_src06.jpg,A48CA7E3-64E8-4C05-A91F-14BC69B69B0B_1_105_c(1).jpeg,6,331,537,63,63
crop_0257_src06.jpg,A48CA7E3-64E8-4C05-A91F-14BC69B69B0B_1_105_c(1).jpeg,6,637,543,55,58
crop_0258_src06.jpg,A48CA7E3-64E8-4C05-A91F-14BC69B69B0B_1_105_c(1).jpeg,6,678,580,70,64
crop_0259_src06.jpg,A48CA7E3-64E8-4C05-A91F-14BC69B69B0B_1_105_c(1).jpeg,6,67,640,90,72
crop_0260_src06.jpg,A48CA7E3-64E8-4C05-A91F-14BC69B69B0B_1_105_c(1).jpeg,6,147,625,96,82
crop_0261_src06.jpg,A48CA7E3-64E8-4C05-A91F-14BC69B69B0B_1_105_c(1).jpeg,6,222,615,99,112
crop_0262_src06.jpg,A48CA7E3-64E8-4C05-A91F-14BC69B69B0B_1_105_c(1).jpeg,6,332,623,56,62
crop_0263_src06.jpg,A48CA7E3-64E8-4C05-A91F-14BC69B69B0B_1_105_c(1).jpeg,6,375,612,36,56
crop_0264_src06.jpg,A48CA7E3-64E8-4C05-A91F-14BC69B69B0B_1_105_c(1).jpeg,6,493,595,57,55
crop_0265_src06.jpg,A48CA7E3-64E8-4C05-A91F-14BC69B69B0B_1_105_c(1).jpeg,6,581,615,78,75
crop_0266_src06.jpg,A48CA7E3-64E8-4C05-A91F-14BC69B69B0B_1_105_c(1).jpeg,6,658,631,89,96
crop_0267_src06.jpg,A48CA7E3-64E8-4C05-A91F-14BC69B69B0B_1_105_c(1).jpeg,6,174,677,76,87
crop_0268_src06.jpg,A48CA7E3-64E8-4C05-A91F-14BC69B69B0B_1_105_c(1).jpeg,6,303,678,74,78
crop_0269_src06.jpg,A48CA7E3-64E8-4C05-A91F-14BC69B69B0B_1_105_c(1).jpeg,6,355,669,78,76
crop_0270_src06.jpg,A48CA7E3-64E8-4C05-A91F-14BC69B69B0B_1_105_c(1).jpeg,6,417,701,64,70
crop_0271_src06.jpg,A48CA7E3-64E8-4C05-A91F-14BC69B69B0B_1_105_c(1).jpeg,6,459,643,98,103
crop_0272_src06.jpg,A48CA7E3-64E8-4C05-A91F-14BC69B69B0B_1_105_c(1).jpeg,6,574,686,64,61
crop_0273_src06.jpg,A48CA7E3-64E8-4C05-A91F-14BC69B69B0B_1_105_c(1).jpeg,6,2,745,92,135
crop_0274_src06.jpg,A48CA7E3-64E8-4C05-A91F-14BC69B69B0B_1_105_c(1).jpeg,6,118,748,87,98
crop_0275_src06.jpg,A48CA7E3-64E8-4C05-A91F-14BC69B69B0B_1_105_c(1).jpeg,6,199,732,91,95
crop_0276_src06.jpg,A48CA7E3-64E8-4C05-A91F-14BC69B69B0B_1_105_c(1).jpeg,6,270,751,83,84
crop_0277_src06.jpg,A48CA7E3-64E8-4C05-A91F-14BC69B69B0B_1_105_c(1).jpeg,6,368,751,75,79
crop_0278_src06.jpg,A48CA7E3-64E8-4C05-A91F-14BC69B69B0B_1_105_c(1).jpeg,6,701,714,67,75
crop_0279_src06.jpg,A48CA7E3-64E8-4C05-A91F-14BC69B69B0B_1_105_c(1).jpeg,6,57,768,77,85
crop_0280_src06.jpg,A48CA7E3-64E8-4C05-A91F-14BC69B69B0B_1_105_c(1).jpeg,6,255,819,79,75
crop_0281_src06.jpg,A48CA7E3-64E8-4C05-A91F-14BC69B69B0B_1_105_c(1).jpeg,6,591,778,58,63
crop_0282_src06.jpg,A48CA7E3-64E8-4C05-A91F-14BC69B69B0B_1_105_c(1).jpeg,6,661,788,75,60
crop_0283_src07.jpg,2524B04F-5A15-44CC-910E-69076019AA0A_1_105_c.jpeg,7,101,207,53,68
crop_0284_src07.jpg,2524B04F-5A15-44CC-910E-69076019AA0A_1_105_c.jpeg,7,623,169,78,46
crop_0285_src07.jpg,2524B04F-5A15-44CC-910E-69076019AA0A_1_105_c.jpeg,7,0,268,148,145
crop_0286_src07.jpg,2524B04F-5A15-44CC-910E-69076019AA0A_1_105_c.jpeg,7,190,270,55,64
crop_0287_src07.jpg,2524B04F-5A15-44CC-910E-69076019AA0A_1_105_c.jpeg,7,489,258,90,92
crop_0288_src07.jpg,2524B04F-5A15-44CC-910E-69076019AA0A_1_105_c.jpeg,7,583,256,80,63
crop_0289_src07.jpg,2524B04F-5A15-44CC-910E-69076019AA0A_1_105_c.jpeg,7,220,335,68,78
crop_0290_src07.jpg,2524B04F-5A15-44CC-910E-69076019AA0A_1_105_c.jpeg,7,425,297,55,55
crop_0291_src07.jpg,2524B04F-5A15-44CC-910E-69076019AA0A_1_105_c.jpeg,7,23,382,68,69
crop_0292_src07.jpg,2524B04F-5A15-44CC-910E-69076019AA0A_1_105_c.jpeg,7,165,360,42,70
crop_0293_src07.jpg,2524B04F-5A15-44CC-910E-69076019AA0A_1_105_c.jpeg,7,195,360,38,57
crop_0294_src07.jpg,2524B04F-5A15-44CC-910E-69076019AA0A_1_105_c.jpeg,7,247,401,79,97
crop_0295_src07.jpg,2524B04F-5A15-44CC-910E-69076019AA0A_1_105_c.jpeg,7,303,367,45,40
crop_0296_src07.jpg,2524B04F-5A15-44CC-910E-69076019AA0A_1_105_c.jpeg,7,300,324,208,112
crop_0297_src07.jpg,2524B04F-5A15-44CC-910E-69076019AA0A_1_105_c.jpeg,7,529,356,69,69
crop_0298_src07.jpg,2524B04F-5A15-44CC-910E-69076019AA0A_1_105_c.jpeg,7,57,464,87,74
crop_0299_src07.jpg,2524B04F-5A15-44CC-910E-69076019AA0A_1_105_c.jpeg,7,183,458,57,75
crop_0300_src07.jpg,2524B04F-5A15-44CC-910E-69076019AA0A_1_105_c.jpeg,7,300,425,70,70
crop_0301_src07.jpg,2524B04F-5A15-44CC-910E-69076019AA0A_1_105_c.jpeg,7,408,410,85,80
crop_0302_src07.jpg,2524B04F-5A15-44CC-910E-69076019AA0A_1_105_c.jpeg,7,473,442,57,54
crop_0303_src07.jpg,2524B04F-5A15-44CC-910E-69076019AA0A_1_105_c.jpeg,7,494,419,142,130
crop_0304_src07.jpg,2524B04F-5A15-44CC-910E-69076019AA0A_1_105_c.jpeg,7,524,418,48,42
crop_0305_src07.jpg,2524B04F-5A15-44CC-910E-69076019AA0A_1_105_c.jpeg,7,139,510,103,100
crop_0306_src07.jpg,2524B04F-5A15-44CC-910E-69076019AA0A_1_105_c.jpeg,7,323,491,63,84
crop_0307_src07.jpg,2524B04F-5A15-44CC-910E-69076019AA0A_1_105_c.jpeg,7,399,492,59,64
crop_0308_src07.jpg,2524B04F-5A15-44CC-910E-69076019AA0A_1_105_c.jpeg,7,71,577,67,66
crop_0309_src07.jpg,2524B04F-5A15-44CC-910E-69076019AA0A_1_105_c.jpeg,7,228,527,84,68
crop_0310_src07.jpg,2524B04F-5A15-44CC-910E-69076019AA0A_1_105_c.jpeg,7,306,562,60,63
crop_0311_src07.jpg,2524B04F-5A15-44CC-910E-69076019AA0A_1_105_c.jpeg,7,400,579,60,64
crop_0312_src07.jpg,2524B04F-5A15-44CC-910E-69076019AA0A_1_105_c.jpeg,7,476,542,86,98
crop_0313_src07.jpg,2524B04F-5A15-44CC-910E-69076019AA0A_1_105_c.jpeg,7,582,551,81,73
crop_0314_src07.jpg,2524B04F-5A15-44CC-910E-69076019AA0A_1_105_c.jpeg,7,0,586,70,81
crop_0315_src07.jpg,2524B04F-5A15-44CC-910E-69076019AA0A_1_105_c.jpeg,7,234,629,74,68
crop_0316_src07.jpg,2524B04F-5A15-44CC-910E-69076019AA0A_1_105_c.jpeg,7,443,616,81,73
crop_0317_src07.jpg,2524B04F-5A15-44CC-910E-69076019AA0A_1_105_c.jpeg,7,556,609,79,64
crop_0318_src07.jpg,2524B04F-5A15-44CC-910E-69076019AA0A_1_105_c.jpeg,7,0,659,59,113
crop_0319_src07.jpg,2524B04F-5A15-44CC-910E-69076019AA0A_1_105_c.jpeg,7,84,682,43,43
crop_0320_src07.jpg,2524B04F-5A15-44CC-910E-69076019AA0A_1_105_c.jpeg,7,118,660,36,55
crop_0321_src07.jpg,2524B04F-5A15-44CC-910E-69076019AA0A_1_105_c.jpeg,7,204,687,105,108
crop_0322_src07.jpg,2524B04F-5A15-44CC-910E-69076019AA0A_1_105_c.jpeg,7,340,659,80,78
crop_0323_src07.jpg,2524B04F-5A15-44CC-910E-69076019AA0A_1_105_c.jpeg,7,423,676,98,102
crop_0324_src07.jpg,2524B04F-5A15-44CC-910E-69076019AA0A_1_105_c.jpeg,7,528,662,106,96
crop_0325_src07.jpg,2524B04F-5A15-44CC-910E-69076019AA0A_1_105_c.jpeg,7,617,678,56,39
crop_0326_src07.jpg,2524B04F-5A15-44CC-910E-69076019AA0A_1_105_c.jpeg,7,43,725,74,80
crop_0327_src07.jpg,2524B04F-5A15-44CC-910E-69076019AA0A_1_105_c.jpeg,7,99,720,54,45
crop_0328_src07.jpg,2524B04F-5A15-44CC-910E-69076019AA0A_1_105_c.jpeg,7,131,743,40,42
crop_0329_src07.jpg,2524B04F-5A15-44CC-910E-69076019AA0A_1_105_c.jpeg,7,172,750,54,70
crop_0330_src07.jpg,2524B04F-5A15-44CC-910E-69076019AA0A_1_105_c.jpeg,7,329,732,70,67
crop_0331_src07.jpg,2524B04F-5A15-44CC-910E-69076019AA0A_1_105_c.jpeg,7,516,737,64,64
crop_0332_src07.jpg,2524B04F-5A15-44CC-910E-69076019AA0A_1_105_c.jpeg,7,3,798,87,84
crop_0333_src07.jpg,2524B04F-5A15-44CC-910E-69076019AA0A_1_105_c.jpeg,7,108,801,76,78
crop_0334_src07.jpg,2524B04F-5A15-44CC-910E-69076019AA0A_1_105_c.jpeg,7,471,767,74,79
crop_0335_src07.jpg,2524B04F-5A15-44CC-910E-69076019AA0A_1_105_c.jpeg,7,575,819,93,108
crop_0336_src07.jpg,2524B04F-5A15-44CC-910E-69076019AA0A_1_105_c.jpeg,7,0,866,68,74
crop_0337_src07.jpg,2524B04F-5A15-44CC-910E-69076019AA0A_1_105_c.jpeg,7,343,833,65,69
crop_0338_src07.jpg,2524B04F-5A15-44CC-910E-69076019AA0A_1_105_c.jpeg,7,423,844,85,81
crop_0339_src07.jpg,2524B04F-5A15-44CC-910E-69076019AA0A_1_105_c.jpeg,7,472,890,41,45
crop_0340_src08.jpg,9FE5772E-F4E0-45EA-9320-BC47BBAA3025_1_105_c.jpeg,8,115,105,66,81
crop_0341_src08.jpg,9FE5772E-F4E0-45EA-9320-BC47BBAA3025_1_105_c.jpeg,8,34,151,45,64
crop_0342_src08.jpg,9FE5772E-F4E0-45EA-9320-BC47BBAA3025_1_105_c.jpeg,8,290,108,86,103
crop_0343_src08.jpg,9FE5772E-F4E0-45EA-9320-BC47BBAA3025_1_105_c.jpeg,8,398,164,67,78
crop_0344_src08.jpg,9FE5772E-F4E0-45EA-9320-BC47BBAA3025_1_105_c.jpeg,8,467,139,44,55
crop_0345_src08.jpg,9FE5772E-F4E0-45EA-9320-BC47BBAA3025_1_105_c.jpeg,8,533,133,76,78
crop_0346_src08.jpg,9FE5772E-F4E0-45EA-9320-BC47BBAA3025_1_105_c.jpeg,8,604,136,68,70
crop_0347_src08.jpg,9FE5772E-F4E0-45EA-9320-BC47BBAA3025_1_105_c.jpeg,8,0,194,91,78
crop_0348_src08.jpg,9FE5772E-F4E0-45EA-9320-BC47BBAA3025_1_105_c.jpeg,8,102,208,50,46
crop_0349_src08.jpg,9FE5772E-F4E0-45EA-9320-BC47BBAA3025_1_105_c.jpeg,8,129,227,38,38
crop_0350_src08.jpg,9FE5772E-F4E0-45EA-9320-BC47BBAA3025_1_105_c.jpeg,8,192,188,41,51
crop_0351_src08.jpg,9FE5772E-F4E0-45EA-9320-BC47BBAA3025_1_105_c.jpeg,8,91,237,40,45
crop_0352_src08.jpg,9FE5772E-F4E0-45EA-9320-BC47BBAA3025_1_105_c.jpeg,8,185,241,87,91
crop_0353_src08.jpg,9FE5772E-F4E0-45EA-9320-BC47BBAA3025_1_105_c.jpeg,8,386,250,79,81
crop_0354_src08.jpg,9FE5772E-F4E0-45EA-9320-BC47BBAA3025_1_105_c.jpeg,8,480,244,91,88
crop_0355_src08.jpg,9FE5772E-F4E0-45EA-9320-BC47BBAA3025_1_105_c.jpeg,8,77,326,79,95
crop_0356_src08.jpg,9FE5772E-F4E0-45EA-9320-BC47BBAA3025_1_105_c.jpeg,8,286,288,48,68
crop_0357_src08.jpg,9FE5772E-F4E0-45EA-9320-BC47BBAA3025_1_105_c.jpeg,8,240,354,44,58
crop_0358_src08.jpg,9FE5772E-F4E0-45EA-9320-BC47BBAA3025_1_105_c.jpeg,8,661,379,107,146
crop_0359_src08.jpg,9FE5772E-F4E0-45EA-9320-BC47BBAA3025_1_105_c.jpeg,8,136,430,74,84
crop_0360_src08.jpg,9FE5772E-F4E0-45EA-9320-BC47BBAA3025_1_105_c.jpeg,8,236,456,88,96
crop_0361_src08.jpg,9FE5772E-F4E0-45EA-9320-BC47BBAA3025_1_105_c.jpeg,8,430,405,74,84
crop_0362_src08.jpg,9FE5772E-F4E0-45EA-9320-BC47BBAA3025_1_105_c.jpeg,8,330,482,86,76
crop_0363_src08.jpg,9FE5772E-F4E0-45EA-9320-BC47BBAA3025_1_105_c.jpeg,8,429,461,101,119
crop_0364_src08.jpg,9FE5772E-F4E0-45EA-9320-BC47BBAA3025_1_105_c.jpeg,8,601,486,107,102
crop_0365_src08.jpg,9FE5772E-F4E0-45EA-9320-BC47BBAA3025_1_105_c.jpeg,8,64,535,81,76
crop_0366_src08.jpg,9FE5772E-F4E0-45EA-9320-BC47BBAA3025_1_105_c.jpeg,8,163,547,129,92
crop_0367_src08.jpg,9FE5772E-F4E0-45EA-9320-BC47BBAA3025_1_105_c.jpeg,8,304,578,86,78
crop_0368_src08.jpg,9FE5772E-F4E0-45EA-9320-BC47BBAA3025_1_105_c.jpeg,8,382,545,84,81
crop_0369_src08.jpg,9FE5772E-F4E0-45EA-9320-BC47BBAA3025_1_105_c.jpeg,8,563,542,86,84
crop_0370_src08.jpg,9FE5772E-F4E0-45EA-9320-BC47BBAA3025_1_105_c.jpeg,8,641,515,127,181
crop_0371_src08.jpg,9FE5772E-F4E0-45EA-9320-BC47BBAA3025_1_105_c.jpeg,8,88,607,72,78
crop_0372_src08.jpg,9FE5772E-F4E0-45EA-9320-BC47BBAA3025_1_105_c.jpeg,8,165,609,73,84
crop_0373_src08.jpg,9FE5772E-F4E0-45EA-9320-BC47BBAA3025_1_105_c.jpeg,8,245,618,99,117
crop_0374_src08.jpg,9FE5772E-F4E0-45EA-9320-BC47BBAA3025_1_105_c.jpeg,8,373,618,92,108
crop_0375_src08.jpg,9FE5772E-F4E0-45EA-9320-BC47BBAA3025_1_105_c.jpeg,8,464,590,63,73
crop_0376_src08.jpg,9FE5772E-F4E0-45EA-9320-BC47BBAA3025_1_105_c.jpeg,8,527,598,125,137
crop_0377_src08.jpg,9FE5772E-F4E0-45EA-9320-BC47BBAA3025_1_105_c.jpeg,8,623,625,71,80
crop_0378_src08.jpg,9FE5772E-F4E0-45EA-9320-BC47BBAA3025_1_105_c.jpeg,8,717,641,51,90
crop_0379_src08.jpg,9FE5772E-F4E0-45EA-9320-BC47BBAA3025_1_105_c.jpeg,8,152,682,53,50
crop_0380_src08.jpg,9FE5772E-F4E0-45EA-9320-BC47BBAA3025_1_105_c.jpeg,8,167,694,82,92
crop_0381_src08.jpg,9FE5772E-F4E0-45EA-9320-BC47BBAA3025_1_105_c.jpeg,8,458,664,72,98
crop_0382_src08.jpg,9FE5772E-F4E0-45EA-9320-BC47BBAA3025_1_105_c.jpeg,8,231,744,69,67
crop_0383_src08.jpg,9FE5772E-F4E0-45EA-9320-BC47BBAA3025_1_105_c.jpeg,8,264,717,69,51
crop_0384_src08.jpg,9FE5772E-F4E0-45EA-9320-BC47BBAA3025_1_105_c.jpeg,8,303,736,98,96
crop_0385_src08.jpg,9FE5772E-F4E0-45EA-9320-BC47BBAA3025_1_105_c.jpeg,8,381,728,95,120
crop_0386_src08.jpg,9FE5772E-F4E0-45EA-9320-BC47BBAA3025_1_105_c.jpeg,8,536,732,96,96
crop_0387_src08.jpg,9FE5772E-F4E0-45EA-9320-BC47BBAA3025_1_105_c.jpeg,8,643,721,75,74
crop_0388_src08.jpg,9FE5772E-F4E0-45EA-9320-BC47BBAA3025_1_105_c.jpeg,8,95,803,39,63
crop_0389_src08.jpg,9FE5772E-F4E0-45EA-9320-BC47BBAA3025_1_105_c.jpeg,8,121,783,100,113
crop_0390_src08.jpg,9FE5772E-F4E0-45EA-9320-BC47BBAA3025_1_105_c.jpeg,8,275,814,64,64
crop_0391_src08.jpg,9FE5772E-F4E0-45EA-9320-BC47BBAA3025_1_105_c.jpeg,8,450,783,117,116
crop_0392_src08.jpg,9FE5772E-F4E0-45EA-9320-BC47BBAA3025_1_105_c.jpeg,8,612,789,88,90
crop_0393_src09.jpg,CAE581EA-5C51-4FAC-BB2D-28B259E2653D_1_105_c.jpeg,9,113,143,81,80
crop_0394_src09.jpg,CAE581EA-5C51-4FAC-BB2D-28B259E2653D_1_105_c.jpeg,9,221,198,83,92
crop_0395_src09.jpg,CAE581EA-5C51-4FAC-BB2D-28B259E2653D_1_105_c.jpeg,9,529,218,39,40
crop_0396_src09.jpg,CAE581EA-5C51-4FAC-BB2D-28B259E2653D_1_105_c.jpeg,9,555,173,58,84
crop_0397_src09.jpg,CAE581EA-5C51-4FAC-BB2D-28B259E2653D_1_105_c.jpeg,9,64,282,52,51
crop_0398_src09.jpg,CAE581EA-5C51-4FAC-BB2D-28B259E2653D_1_105_c.jpeg,9,164,231,38,40
crop_0399_src09.jpg,CAE581EA-5C51-4FAC-BB2D-28B259E2653D_1_105_c.jpeg,9,472,283,45,40
crop_0400_src09.jpg,CAE581EA-5C51-4FAC-BB2D-28B259E2653D_1_105_c.jpeg,9,521,272,84,86
crop_0401_src09.jpg,CAE581EA-5C51-4FAC-BB2D-28B259E2653D_1_105_c.jpeg,9,0,291,115,90
crop_0402_src09.jpg,CAE581EA-5C51-4FAC-BB2D-28B259E2653D_1_105_c.jpeg,9,124,344,74,58
crop_0403_src09.jpg,CAE581EA-5C51-4FAC-BB2D-28B259E2653D_1_105_c.jpeg,9,166,287,75,73
crop_0404_src09.jpg,CAE581EA-5C51-4FAC-BB2D-28B259E2653D_1_105_c.jpeg,9,237,274,237,172
crop_0405_src09.jpg,CAE581EA-5C51-4FAC-BB2D-28B259E2653D_1_105_c.jpeg,9,441,309,75,75
crop_0406_src09.jpg,CAE581EA-5C51-4FAC-BB2D-28B259E2653D_1_105_c.jpeg,9,53,384,48,53
crop_0407_src09.jpg,CAE581EA-5C51-4FAC-BB2D-28B259E2653D_1_105_c.jpeg,9,64,366,73,47
crop_0408_src09.jpg,CAE581EA-5C51-4FAC-BB2D-28B259E2653D_1_105_c.jpeg,9,194,355,81,78
crop_0409_src09.jpg,CAE581EA-5C51-4FAC-BB2D-28B259E2653D_1_105_c.jpeg,9,514,366,85,87
crop_0410_src09.jpg,CAE581EA-5C51-4FAC-BB2D-28B259E2653D_1_105_c.jpeg,9,0,413,79,90
crop_0411_src09.jpg,CAE581EA-5C51-4FAC-BB2D-28B259E2653D_1_105_c.jpeg,9,104,420,132,163
crop_0412_src09.jpg,CAE581EA-5C51-4FAC-BB2D-28B259E2653D_1_105_c.jpeg,9,254,404,102,135
crop_0413_src09.jpg,CAE581EA-5C51-4FAC-BB2D-28B259E2653D_1_105_c.jpeg,9,337,414,74,80
crop_0414_src09.jpg,CAE581EA-5C51-4FAC-BB2D-28B259E2653D_1_105_c.jpeg,9,426,418,84,96
crop_0415_src09.jpg,CAE581EA-5C51-4FAC-BB2D-28B259E2653D_1_105_c.jpeg,9,526,451,101,100
crop_0416_src09.jpg,CAE581EA-5C51-4FAC-BB2D-28B259E2653D_1_105_c.jpeg,9,598,450,45,52
crop_0417_src09.jpg,CAE581EA-5C51-4FAC-BB2D-28B259E2653D_1_105_c.jpeg,9,0,474,101,120
crop_0418_src09.jpg,CAE581EA-5C51-4FAC-BB2D-28B259E2653D_1_105_c.jpeg,9,234,515,49,70
crop_0419_src09.jpg,CAE581EA-5C51-4FAC-BB2D-28B259E2653D_1_105_c.jpeg,9,385,480,87,97
crop_0420_src09.jpg,CAE581EA-5C51-4FAC-BB2D-28B259E2653D_1_105_c.jpeg,9,462,492,84,98
crop_0421_src09.jpg,CAE581EA-5C51-4FAC-BB2D-28B259E2653D_1_105_c.jpeg,9,678,485,80,85
crop_0422_src09.jpg,CAE581EA-5C51-4FAC-BB2D-28B259E2653D_1_105_c.jpeg,9,131,554,107,98
crop_0423_src09.jpg,CAE581EA-5C51-4FAC-BB2D-28B259E2653D_1_105_c.jpeg,9,244,542,132,142
crop_0424_src09.jpg,CAE581EA-5C51-4FAC-BB2D-28B259E2653D_1_105_c.jpeg,9,375,566,69,66
crop_0425_src09.jpg,CAE581EA-5C51-4FAC-BB2D-28B259E2653D_1_105_c.jpeg,9,434,575,77,79
crop_0426_src09.jpg,CAE581EA-5C51-4FAC-BB2D-28B259E2653D_1_105_c.jpeg,9,556,536,87,117
crop_0427_src09.jpg,CAE581EA-5C51-4FAC-BB2D-28B259E2653D_1_105_c.jpeg,9,673,566,43,50
crop_0428_src09.jpg,CAE581EA-5C51-4FAC-BB2D-28B259E2653D_1_105_c.jpeg,9,17,604,83,90
crop_0429_src09.jpg,CAE581EA-5C51-4FAC-BB2D-28B259E2653D_1_105_c.jpeg,9,501,635,85,76
crop_0430_src09.jpg,CAE581EA-5C51-4FAC-BB2D-28B259E2653D_1_105_c.jpeg,9,604,607,98,136
crop_0431_src09.jpg,CAE581EA-5C51-4FAC-BB2D-28B259E2653D_1_105_c.jpeg,9,726,621,42,67
crop_0432_src09.jpg,CAE581EA-5C51-4FAC-BB2D-28B259E2653D_1_105_c.jpeg,9,684,699,84,87
crop_0433_src09.jpg,CAE581EA-5C51-4FAC-BB2D-28B259E2653D_1_105_c.jpeg,9,586,721,101,103
crop_0434_src09.jpg,CAE581EA-5C51-4FAC-BB2D-28B259E2653D_1_105_c.jpeg,9,17,798,118,125
crop_0435_src09.jpg,CAE581EA-5C51-4FAC-BB2D-28B259E2653D_1_105_c.jpeg,9,538,794,106,108
crop_0436_src09.jpg,CAE581EA-5C51-4FAC-BB2D-28B259E2653D_1_105_c.jpeg,9,699,792,57,59
crop_0437_src10.jpg,2BB2C5D0-C78D-4FE0-9109-CDE841FBC1EE_1_105_c.jpeg,10,594,84,79,46
crop_0438_src10.jpg,2BB2C5D0-C78D-4FE0-9109-CDE841FBC1EE_1_105_c.jpeg,10,220,162,53,39
crop_0439_src10.jpg,2BB2C5D0-C78D-4FE0-9109-CDE841FBC1EE_1_105_c.jpeg,10,66,193,99,118
crop_0440_src10.jpg,2BB2C5D0-C78D-4FE0-9109-CDE841FBC1EE_1_105_c.jpeg,10,157,289,49,44
crop_0441_src10.jpg,2BB2C5D0-C78D-4FE0-9109-CDE841FBC1EE_1_105_c.jpeg,10,215,275,97,97
crop_0442_src10.jpg,2BB2C5D0-C78D-4FE0-9109-CDE841FBC1EE_1_105_c.jpeg,10,424,220,101,117
crop_0443_src10.jpg,2BB2C5D0-C78D-4FE0-9109-CDE841FBC1EE_1_105_c.jpeg,10,522,262,36,50
crop_0444_src10.jpg,2BB2C5D0-C78D-4FE0-9109-CDE841FBC1EE_1_105_c.jpeg,10,0,337,69,52
crop_0445_src10.jpg,2BB2C5D0-C78D-4FE0-9109-CDE841FBC1EE_1_105_c.jpeg,10,122,317,86,87
crop_0446_src10.jpg,2BB2C5D0-C78D-4FE0-9109-CDE841FBC1EE_1_105_c.jpeg,10,274,294,152,131
crop_0447_src10.jpg,2BB2C5D0-C78D-4FE0-9109-CDE841FBC1EE_1_105_c.jpeg,10,495,326,116,187
crop_0448_src10.jpg,2BB2C5D0-C78D-4FE0-9109-CDE841FBC1EE_1_105_c.jpeg,10,520,290,79,50
crop_0449_src10.jpg,2BB2C5D0-C78D-4FE0-9109-CDE841FBC1EE_1_105_c.jpeg,10,53,358,59,69
crop_0450_src10.jpg,2BB2C5D0-C78D-4FE0-9109-CDE841FBC1EE_1_105_c.jpeg,10,84,391,41,46
crop_0451_src10.jpg,2BB2C5D0-C78D-4FE0-9109-CDE841FBC1EE_1_105_c.jpeg,10,208,383,101,100
crop_0452_src10.jpg,2BB2C5D0-C78D-4FE0-9109-CDE841FBC1EE_1_105_c.jpeg,10,391,377,105,136
crop_0453_src10.jpg,2BB2C5D0-C78D-4FE0-9109-CDE841FBC1EE_1_105_c.jpeg,10,0,440,82,91
crop_0454_src10.jpg,2BB2C5D0-C78D-4FE0-9109-CDE841FBC1EE_1_105_c.jpeg,10,103,445,96,108
crop_0455_src10.jpg,2BB2C5D0-C78D-4FE0-9109-CDE841FBC1EE_1_105_c.jpeg,10,303,457,102,92
crop_0456_src10.jpg,2BB2C5D0-C78D-4FE0-9109-CDE841FBC1EE_1_105_c.jpeg,10,509,420,44,53
crop_0457_src10.jpg,2BB2C5D0-C78D-4FE0-9109-CDE841FBC1EE_1_105_c.jpeg,10,583,409,75,78
crop_0458_src10.jpg,2BB2C5D0-C78D-4FE0-9109-CDE841FBC1EE_1_105_c.jpeg,10,52,514,105,118
crop_0459_src10.jpg,2BB2C5D0-C78D-4FE0-9109-CDE841FBC1EE_1_105_c.jpeg,10,226,482,114,114
crop_0460_src10.jpg,2BB2C5D0-C78D-4FE0-9109-CDE841FBC1EE_1_105_c.jpeg,10,403,519,93,97
crop_0461_src10.jpg,2BB2C5D0-C78D-4FE0-9109-CDE841FBC1EE_1_105_c.jpeg,10,529,478,121,173
crop_0462_src10.jpg,2BB2C5D0-C78D-4FE0-9109-CDE841FBC1EE_1_105_c.jpeg,10,145,529,100,113
crop_0463_src10.jpg,2BB2C5D0-C78D-4FE0-9109-CDE841FBC1EE_1_105_c.jpeg,10,259,573,104,147
crop_0464_src10.jpg,2BB2C5D0-C78D-4FE0-9109-CDE841FBC1EE_1_105_c.jpeg,10,476,554,46,51
crop_0465_src10.jpg,2BB2C5D0-C78D-4FE0-9109-CDE841FBC1EE_1_105_c.jpeg,10,499,556,48,56
crop_0466_src10.jpg,2BB2C5D0-C78D-4FE0-9109-CDE841FBC1EE_1_105_c.jpeg,10,37,616,85,80
crop_0467_src10.jpg,2BB2C5D0-C78D-4FE0-9109-CDE841FBC1EE_1_105_c.jpeg,10,109,624,93,95
crop_0468_src10.jpg,2BB2C5D0-C78D-4FE0-9109-CDE841FBC1EE_1_105_c.jpeg,10,337,632,50,44
crop_0469_src10.jpg,2BB2C5D0-C78D-4FE0-9109-CDE841FBC1EE_1_105_c.jpeg,10,398,613,46,55
crop_0470_src10.jpg,2BB2C5D0-C78D-4FE0-9109-CDE841FBC1EE_1_105_c.jpeg,10,447,605,112,168
crop_0471_src10.jpg,2BB2C5D0-C78D-4FE0-9109-CDE841FBC1EE_1_105_c.jpeg,10,542,640,85,86
crop_0472_src10.jpg,2BB2C5D0-C78D-4FE0-9109-CDE841FBC1EE_1_105_c.jpeg,10,189,695,101,90
crop_0473_src10.jpg,2BB2C5D0-C78D-4FE0-9109-CDE841FBC1EE_1_105_c.jpeg,10,296,661,133,158
crop_0474_src10.jpg,2BB2C5D0-C78D-4FE0-9109-CDE841FBC1EE_1_105_c.jpeg,10,0,736,64,96
crop_0475_src10.jpg,2BB2C5D0-C78D-4FE0-9109-CDE841FBC1EE_1_105_c.jpeg,10,119,744,63,80
crop_0476_src10.jpg,2BB2C5D0-C78D-4FE0-9109-CDE841FBC1EE_1_105_c.jpeg,10,0,792,105,141
crop_0477_src10.jpg,2BB2C5D0-C78D-4FE0-9109-CDE841FBC1EE_1_105_c.jpeg,10,166,803,112,108
crop_0478_src10.jpg,2BB2C5D0-C78D-4FE0-9109-CDE841FBC1EE_1_105_c.jpeg,10,289,795,123,124
crop_0479_src10.jpg,2BB2C5D0-C78D-4FE0-9109-CDE841FBC1EE_1_105_c.jpeg,10,411,772,103,97
crop_0480_src10.jpg,2BB2C5D0-C78D-4FE0-9109-CDE841FBC1EE_1_105_c.jpeg,10,547,777,92,86
crop_0481_src10.jpg,2BB2C5D0-C78D-4FE0-9109-CDE841FBC1EE_1_105_c.jpeg,10,103,874,81,75
crop_0482_src10.jpg,2BB2C5D0-C78D-4FE0-9109-CDE841FBC1EE_1_105_c.jpeg,10,426,879,72,80
crop_0483_src10.jpg,2BB2C5D0-C78D-4FE0-9109-CDE841FBC1EE_1_105_c.jpeg,10,521,860,91,91
crop_0484_src10.jpg,2BB2C5D0-C78D-4FE0-9109-CDE841FBC1EE_1_105_c.jpeg,10,238,883,119,103
crop_0485_src11.jpg,47BA4932-3EF2-4C46-917A-F64B1D6E9949_1_105_c.jpeg,11,242,99,42,51
crop_0486_src11.jpg,47BA4932-3EF2-4C46-917A-F64B1D6E9949_1_105_c.jpeg,11,349,95,87,97
crop_0487_src11.jpg,47BA4932-3EF2-4C46-917A-F64B1D6E9949_1_105_c.jpeg,11,486,71,79,101
crop_0488_src11.jpg,47BA4932-3EF2-4C46-917A-F64B1D6E9949_1_105_c.jpeg,11,581,61,97,113
crop_0489_src11.jpg,47BA4932-3EF2-4C46-917A-F64B1D6E9949_1_105_c.jpeg,11,290,164,58,62
crop_0490_src11.jpg,47BA4932-3EF2-4C46-917A-F64B1D6E9949_1_105_c.jpeg,11,541,136,64,57
crop_0491_src11.jpg,47BA4932-3EF2-4C46-917A-F64B1D6E9949_1_105_c.jpeg,11,581,155,118,108
crop_0492_src11.jpg,47BA4932-3EF2-4C46-917A-F64B1D6E9949_1_105_c.jpeg,11,664,122,104,207
crop_0493_src11.jpg,47BA4932-3EF2-4C46-917A-F64B1D6E9949_1_105_c.jpeg,11,199,182,56,74
crop_0494_src11.jpg,47BA4932-3EF2-4C46-917A-F64B1D6E9949_1_105_c.jpeg,11,351,220,75,74
crop_0495_src11.jpg,47BA4932-3EF2-4C46-917A-F64B1D6E9949_1_105_c.jpeg,11,493,188,75,98
crop_0496_src11.jpg,47BA4932-3EF2-4C46-917A-F64B1D6E9949_1_105_c.jpeg,11,104,250,66,79
crop_0497_src11.jpg,47BA4932-3EF2-4C46-917A-F64B1D6E9949_1_105_c.jpeg,11,151,257,60,62
crop_0498_src11.jpg,47BA4932-3EF2-4C46-917A-F64B1D6E9949_1_105_c.jpeg,11,265,230,82,108
crop_0499_src11.jpg,47BA4932-3EF2-4C46-917A-F64B1D6E9949_1_105_c.jpeg,11,327,266,86,134
crop_0500_src11.jpg,47BA4932-3EF2-4C46-917A-F64B1D6E9949_1_105_c.jpeg,11,576,227,114,112
crop_0501_src11.jpg,47BA4932-3EF2-4C46-917A-F64B1D6E9949_1_105_c.jpeg,11,163,325,60,73
crop_0502_src11.jpg,47BA4932-3EF2-4C46-917A-F64B1D6E9949_1_105_c.jpeg,11,260,308,80,90
crop_0503_src11.jpg,47BA4932-3EF2-4C46-917A-F64B1D6E9949_1_105_c.jpeg,11,414,299,93,95
crop_0504_src11.jpg,47BA4932-3EF2-4C46-917A-F64B1D6E9949_1_105_c.jpeg,11,495,307,55,64
crop_0505_src11.jpg,47BA4932-3EF2-4C46-917A-F64B1D6E9949_1_105_c.jpeg,11,699,348,54,59
crop_0506_src11.jpg,47BA4932-3EF2-4C46-917A-F64B1D6E9949_1_105_c.jpeg,11,314,391,79,92
crop_0507_src11.jpg,47BA4932-3EF2-4C46-917A-F64B1D6E9949_1_105_c.jpeg,11,383,394,80,80
crop_0508_src11.jpg,47BA4932-3EF2-4C46-917A-F64B1D6E9949_1_105_c.jpeg,11,531,407,46,51
crop_0509_src11.jpg,47BA4932-3EF2-4C46-917A-F64B1D6E9949_1_105_c.jpeg,11,203,441,80,85
crop_0510_src11.jpg,47BA4932-3EF2-4C46-917A-F64B1D6E9949_1_105_c.jpeg,11,449,426,108,93
crop_0511_src11.jpg,47BA4932-3EF2-4C46-917A-F64B1D6E9949_1_105_c.jpeg,11,576,461,86,98
crop_0512_src11.jpg,47BA4932-3EF2-4C46-917A-F64B1D6E9949_1_105_c.jpeg,11,118,495,78,75
crop_0513_src11.jpg,47BA4932-3EF2-4C46-917A-F64B1D6E9949_1_105_c.jpeg,11,205,514,87,98
crop_0514_src11.jpg,47BA4932-3EF2-4C46-917A-F64B1D6E9949_1_105_c.jpeg,11,269,487,90,79
crop_0515_src11.jpg,47BA4932-3EF2-4C46-917A-F64B1D6E9949_1_105_c.jpeg,11,393,500,67,96
crop_0516_src11.jpg,47BA4932-3EF2-4C46-917A-F64B1D6E9949_1_105_c.jpeg,11,438,528,57,62
crop_0517_src11.jpg,47BA4932-3EF2-4C46-917A-F64B1D6E9949_1_105_c.jpeg,11,493,493,69,68
crop_0518_src11.jpg,47BA4932-3EF2-4C46-917A-F64B1D6E9949_1_105_c.jpeg,11,649,490,108,80
crop_0519_src11.jpg,47BA4932-3EF2-4C46-917A-F64B1D6E9949_1_105_c.jpeg,11,308,524,75,92
crop_0520_src11.jpg,47BA4932-3EF2-4C46-917A-F64B1D6E9949_1_105_c.jpeg,11,434,584,85,81
crop_0521_src11.jpg,47BA4932-3EF2-4C46-917A-F64B1D6E9949_1_105_c.jpeg,11,535,564,84,91
crop_0522_src11.jpg,47BA4932-3EF2-4C46-917A-F64B1D6E9949_1_105_c.jpeg,11,645,563,80,72
crop_0523_src11.jpg,47BA4932-3EF2-4C46-917A-F64B1D6E9949_1_105_c.jpeg,11,707,563,37,53
crop_0524_src11.jpg,47BA4932-3EF2-4C46-917A-F64B1D6E9949_1_105_c.jpeg,11,143,613,80,92
crop_0525_src11.jpg,47BA4932-3EF2-4C46-917A-F64B1D6E9949_1_105_c.jpeg,11,274,597,61,70
crop_0526_src11.jpg,47BA4932-3EF2-4C46-917A-F64B1D6E9949_1_105_c.jpeg,11,346,590,77,107
crop_0527_src11.jpg,47BA4932-3EF2-4C46-917A-F64B1D6E9949_1_105_c.jpeg,11,530,610,51,56
crop_0528_src11.jpg,47BA4932-3EF2-4C46-917A-F64B1D6E9949_1_105_c.jpeg,11,546,623,94,102
crop_0529_src11.jpg,47BA4932-3EF2-4C46-917A-F64B1D6E9949_1_105_c.jpeg,11,211,659,90,86
crop_0530_src11.jpg,47BA4932-3EF2-4C46-917A-F64B1D6E9949_1_105_c.jpeg,11,299,657,69,75
crop_0531_src11.jpg,47BA4932-3EF2-4C46-917A-F64B1D6E9949_1_105_c.jpeg,11,402,649,79,80
crop_0532_src11.jpg,47BA4932-3EF2-4C46-917A-F64B1D6E9949_1_105_c.jpeg,11,656,657,56,59
crop_0533_src11.jpg,47BA4932-3EF2-4C46-917A-F64B1D6E9949_1_105_c.jpeg,11,147,715,87,97
crop_0534_src11.jpg,47BA4932-3EF2-4C46-917A-F64B1D6E9949_1_105_c.jpeg,11,306,721,100,129
crop_0535_src11.jpg,47BA4932-3EF2-4C46-917A-F64B1D6E9949_1_105_c.jpeg,11,430,708,103,97
crop_0536_src11.jpg,47BA4932-3EF2-4C46-917A-F64B1D6E9949_1_105_c.jpeg,11,552,701,124,162
crop_0537_src11.jpg,47BA4932-3EF2-4C46-917A-F64B1D6E9949_1_105_c.jpeg,11,733,728,35,42
crop_0538_src12.jpg,54D2312D-DD60-433C-A92C-42E9AE86F348_1_105_c.jpeg,12,141,95,74,92
crop_0539_src12.jpg,54D2312D-DD60-433C-A92C-42E9AE86F348_1_105_c.jpeg,12,236,91,92,101
crop_0540_src12.jpg,54D2312D-DD60-433C-A92C-42E9AE86F348_1_105_c.jpeg,12,0,111,87,98
crop_0541_src12.jpg,54D2312D-DD60-433C-A92C-42E9AE86F348_1_105_c.jpeg,12,189,151,74,86
crop_0542_src12.jpg,54D2312D-DD60-433C-A92C-42E9AE86F348_1_105_c.jpeg,12,416,110,63,67
crop_0543_src12.jpg,54D2312D-DD60-433C-A92C-42E9AE86F348_1_105_c.jpeg,12,481,113,76,78
crop_0544_src12.jpg,54D2312D-DD60-433C-A92C-42E9AE86F348_1_105_c.jpeg,12,592,118,98,83
crop_0545_src12.jpg,54D2312D-DD60-433C-A92C-42E9AE86F348_1_105_c.jpeg,12,675,109,62,79
crop_0546_src12.jpg,54D2312D-DD60-433C-A92C-42E9AE86F348_1_105_c.jpeg,12,723,147,45,42
crop_0547_src12.jpg,54D2312D-DD60-433C-A92C-42E9AE86F348_1_105_c.jpeg,12,144,203,88,102
crop_0548_src12.jpg,54D2312D-DD60-433C-A92C-42E9AE86F348_1_105_c.jpeg,12,232,174,123,109
crop_0549_src12.jpg,54D2312D-DD60-433C-A92C-42E9AE86F348_1_105_c.jpeg,12,344,175,72,73
crop_0550_src12.jpg,54D2312D-DD60-433C-A92C-42E9AE86F348_1_105_c.jpeg,12,460,189,49,45
crop_0551_src12.jpg,54D2312D-DD60-433C-A92C-42E9AE86F348_1_105_c.jpeg,12,566,194,40,39
crop_0552_src12.jpg,54D2312D-DD60-433C-A92C-42E9AE86F348_1_105_c.jpeg,12,2,237,75,74
crop_0553_src12.jpg,54D2312D-DD60-433C-A92C-42E9AE86F348_1_105_c.jpeg,12,229,246,117,116
crop_0554_src12.jpg,54D2312D-DD60-433C-A92C-42E9AE86F348_1_105_c.jpeg,12,347,225,107,107
crop_0555_src12.jpg,54D2312D-DD60-433C-A92C-42E9AE86F348_1_105_c.jpeg,12,411,252,125,114
crop_0556_src12.jpg,54D2312D-DD60-433C-A92C-42E9AE86F348_1_105_c.jpeg,12,528,239,42,46
crop_0557_src12.jpg,54D2312D-DD60-433C-A92C-42E9AE86F348_1_105_c.jpeg,12,576,233,71,78
crop_0558_src12.jpg,54D2312D-DD60-433C-A92C-42E9AE86F348_1_105_c.jpeg,12,0,294,59,98
crop_0559_src12.jpg,54D2312D-DD60-433C-A92C-42E9AE86F348_1_105_c.jpeg,12,68,334,92,76
crop_0560_src12.jpg,54D2312D-DD60-433C-A92C-42E9AE86F348_1_105_c.jpeg,12,81,323,54,44
crop_0561_src12.jpg,54D2312D-DD60-433C-A92C-42E9AE86F348_1_105_c.jpeg,12,150,327,56,63
crop_0562_src12.jpg,54D2312D-DD60-433C-A92C-42E9AE86F348_1_105_c.jpeg,12,205,343,87,75
crop_0563_src12.jpg,54D2312D-DD60-433C-A92C-42E9AE86F348_1_105_c.jpeg,12,278,322,95,87
crop_0564_src12.jpg,54D2312D-DD60-433C-A92C-42E9AE86F348_1_105_c.jpeg,12,415,347,68,42
crop_0565_src12.jpg,54D2312D-DD60-433C-A92C-42E9AE86F348_1_105_c.jpeg,12,490,288,78,87
crop_0566_src12.jpg,54D2312D-DD60-433C-A92C-42E9AE86F348_1_105_c.jpeg,12,558,318,86,95
crop_0567_src12.jpg,54D2312D-DD60-433C-A92C-42E9AE86F348_1_105_c.jpeg,12,251,402,86,98
crop_0568_src12.jpg,54D2312D-DD60-433C-A92C-42E9AE86F348_1_105_c.jpeg,12,270,349,58,63
crop_0569_src12.jpg,54D2312D-DD60-433C-A92C-42E9AE86F348_1_105_c.jpeg,12,410,368,78,66
crop_0570_src12.jpg,54D2312D-DD60-433C-A92C-42E9AE86F348_1_105_c.jpeg,12,35,413,81,80
crop_0571_src12.jpg,54D2312D-DD60-433C-A92C-42E9AE86F348_1_105_c.jpeg,12,103,445,112,97
crop_0572_src12.jpg,54D2312D-DD60-433C-A92C-42E9AE86F348_1_105_c.jpeg,12,184,423,61,78
crop_0573_src12.jpg,54D2312D-DD60-433C-A92C-42E9AE86F348_1_105_c.jpeg,12,320,428,106,106
crop_0574_src12.jpg,54D2312D-DD60-433C-A92C-42E9AE86F348_1_105_c.jpeg,12,405,413,89,107
crop_0575_src12.jpg,54D2312D-DD60-433C-A92C-42E9AE86F348_1_105_c.jpeg,12,676,416,55,73
crop_0576_src12.jpg,54D2312D-DD60-433C-A92C-42E9AE86F348_1_105_c.jpeg,12,712,434,56,117
crop_0577_src12.jpg,54D2312D-DD60-433C-A92C-42E9AE86F348_1_105_c.jpeg,12,54,521,59,97
crop_0578_src12.jpg,54D2312D-DD60-433C-A92C-42E9AE86F348_1_105_c.jpeg,12,147,514,73,73
crop_0579_src12.jpg,54D2312D-DD60-433C-A92C-42E9AE86F348_1_105_c.jpeg,12,247,489,71,90
crop_0580_src12.jpg,54D2312D-DD60-433C-A92C-42E9AE86F348_1_105_c.jpeg,12,310,520,84,67
crop_0581_src12.jpg,54D2312D-DD60-433C-A92C-42E9AE86F348_1_105_c.jpeg,12,469,481,112,98
crop_0582_src12.jpg,54D2312D-DD60-433C-A92C-42E9AE86F348_1_105_c.jpeg,12,92,550,58,64
crop_0583_src12.jpg,54D2312D-DD60-433C-A92C-42E9AE86F348_1_105_c.jpeg,12,299,583,91,76
crop_0584_src12.jpg,54D2312D-DD60-433C-A92C-42E9AE86F348_1_105_c.jpeg,12,407,541,96,83
crop_0585_src12.jpg,54D2312D-DD60-433C-A92C-42E9AE86F348_1_105_c.jpeg,12,488,557,65,81
crop_0586_src12.jpg,54D2312D-DD60-433C-A92C-42E9AE86F348_1_105_c.jpeg,12,580,525,97,84
crop_0587_src12.jpg,54D2312D-DD60-433C-A92C-42E9AE86F348_1_105_c.jpeg,12,689,558,79,84
crop_0588_src12.jpg,54D2312D-DD60-433C-A92C-42E9AE86F348_1_105_c.jpeg,12,1,615,74,108
crop_0589_src12.jpg,54D2312D-DD60-433C-A92C-42E9AE86F348_1_105_c.jpeg,12,92,610,80,79
crop_0590_src12.jpg,54D2312D-DD60-433C-A92C-42E9AE86F348_1_105_c.jpeg,12,194,603,79,73
crop_0591_src12.jpg,54D2312D-DD60-433C-A92C-42E9AE86F348_1_105_c.jpeg,12,398,593,101,113
crop_0592_src12.jpg,54D2312D-DD60-433C-A92C-42E9AE86F348_1_105_c.jpeg,12,484,592,39,44
crop_0593_src12.jpg,54D2312D-DD60-433C-A92C-42E9AE86F348_1_105_c.jpeg,12,513,597,123,124
crop_0594_src12.jpg,54D2312D-DD60-433C-A92C-42E9AE86F348_1_105_c.jpeg,12,631,643,72,92
crop_0595_src12.jpg,54D2312D-DD60-433C-A92C-42E9AE86F348_1_105_c.jpeg,12,730,639,38,44
crop_0596_src12.jpg,54D2312D-DD60-433C-A92C-42E9AE86F348_1_105_c.jpeg,12,55,676,79,81
crop_0597_src12.jpg,54D2312D-DD60-433C-A92C-42E9AE86F348_1_105_c.jpeg,12,185,655,39,36
crop_0598_src12.jpg,54D2312D-DD60-433C-A92C-42E9AE86F348_1_105_c.jpeg,12,199,645,100,113
crop_0599_src12.jpg,54D2312D-DD60-433C-A92C-42E9AE86F348_1_105_c.jpeg,12,295,656,92,125
crop_0600_src12.jpg,54D2312D-DD60-433C-A92C-42E9AE86F348_1_105_c.jpeg,12,396,697,57,59
crop_0601_src12.jpg,54D2312D-DD60-433C-A92C-42E9AE86F348_1_105_c.jpeg,12,698,661,70,90
crop_0602_src12.jpg,54D2312D-DD60-433C-A92C-42E9AE86F348_1_105_c.jpeg,12,2,762,41,47
crop_0603_src12.jpg,54D2312D-DD60-433C-A92C-42E9AE86F348_1_105_c.jpeg,12,82,735,102,97
crop_0604_src12.jpg,54D2312D-DD60-433C-A92C-42E9AE86F348_1_105_c.jpeg,12,207,728,123,162
crop_0605_src12.jpg,54D2312D-DD60-433C-A92C-42E9AE86F348_1_105_c.jpeg,12,364,747,95,95
crop_0606_src12.jpg,54D2312D-DD60-433C-A92C-42E9AE86F348_1_105_c.jpeg,12,482,712,57,53
crop_0607_src12.jpg,54D2312D-DD60-433C-A92C-42E9AE86F348_1_105_c.jpeg,12,555,723,85,79
crop_0608_src12.jpg,54D2312D-DD60-433C-A92C-42E9AE86F348_1_105_c.jpeg,12,719,768,49,46
crop_0609_src12.jpg,54D2312D-DD60-433C-A92C-42E9AE86F348_1_105_c.jpeg,12,446,764,117,107
crop_0610_src12.jpg,54D2312D-DD60-433C-A92C-42E9AE86F348_1_105_c.jpeg,12,628,765,101,123
crop_0611_src12.jpg,54D2312D-DD60-433C-A92C-42E9AE86F348_1_105_c.jpeg,12,728,809,40,49
crop_0612_src12.jpg,54D2312D-DD60-433C-A92C-42E9AE86F348_1_105_c.jpeg,12,391,863,174,118
crop_0613_src12.jpg,54D2312D-DD60-433C-A92C-42E9AE86F348_1_105_c.jpeg,12,345,901,68,50
crop_0614_src12.jpg,54D2312D-DD60-433C-A92C-42E9AE86F348_1_105_c.jpeg,12,623,906,42,50
crop_0615_src13.jpg,A999B401-8648-4A8A-8567-63EFCC377B4E_1_105_c.jpeg,13,563,85,152,80
crop_0616_src13.jpg,A999B401-8648-4A8A-8567-63EFCC377B4E_1_105_c.jpeg,13,61,140,63,67
crop_0617_src13.jpg,A999B401-8648-4A8A-8567-63EFCC377B4E_1_105_c.jpeg,13,128,143,74,74
crop_0618_src13.jpg,A999B401-8648-4A8A-8567-63EFCC377B4E_1_105_c.jpeg,13,246,149,85,75
crop_0619_src13.jpg,A999B401-8648-4A8A-8567-63EFCC377B4E_1_105_c.jpeg,13,3,218,54,57
crop_0620_src13.jpg,A999B401-8648-4A8A-8567-63EFCC377B4E_1_105_c.jpeg,13,105,218,52,44
crop_0621_src13.jpg,A999B401-8648-4A8A-8567-63EFCC377B4E_1_105_c.jpeg,13,200,212,48,42
crop_0622_src13.jpg,A999B401-8648-4A8A-8567-63EFCC377B4E_1_105_c.jpeg,13,272,217,68,78
crop_0623_src13.jpg,A999B401-8648-4A8A-8567-63EFCC377B4E_1_105_c.jpeg,13,375,168,66,78
crop_0624_src13.jpg,A999B401-8648-4A8A-8567-63EFCC377B4E_1_105_c.jpeg,13,399,224,38,45
crop_0625_src13.jpg,A999B401-8648-4A8A-8567-63EFCC377B4E_1_105_c.jpeg,13,430,226,63,61
crop_0626_src13.jpg,A999B401-8648-4A8A-8567-63EFCC377B4E_1_105_c.jpeg,13,529,177,68,66
crop_0627_src13.jpg,A999B401-8648-4A8A-8567-63EFCC377B4E_1_105_c.jpeg,13,0,254,101,106
crop_0628_src13.jpg,A999B401-8648-4A8A-8567-63EFCC377B4E_1_105_c.jpeg,13,173,257,48,56
crop_0629_src13.jpg,A999B401-8648-4A8A-8567-63EFCC377B4E_1_105_c.jpeg,13,310,230,41,42
crop_0630_src13.jpg,A999B401-8648-4A8A-8567-63EFCC377B4E_1_105_c.jpeg,13,393,275,70,60
crop_0631_src13.jpg,A999B401-8648-4A8A-8567-63EFCC377B4E_1_105_c.jpeg,13,53,278,134,118
crop_0632_src13.jpg,A999B401-8648-4A8A-8567-63EFCC377B4E_1_105_c.jpeg,13,141,317,78,85
crop_0633_src13.jpg,A999B401-8648-4A8A-8567-63EFCC377B4E_1_105_c.jpeg,13,279,300,54,56
crop_0634_src13.jpg,A999B401-8648-4A8A-8567-63EFCC377B4E_1_105_c.jpeg,13,453,286,53,78
crop_0635_src13.jpg,A999B401-8648-4A8A-8567-63EFCC377B4E_1_105_c.jpeg,13,523,322,50,37
crop_0636_src13.jpg,A999B401-8648-4A8A-8567-63EFCC377B4E_1_105_c.jpeg,13,561,294,37,42
crop_0637_src13.jpg,A999B401-8648-4A8A-8567-63EFCC377B4E_1_105_c.jpeg,13,58,388,81,75
crop_0638_src13.jpg,A999B401-8648-4A8A-8567-63EFCC377B4E_1_105_c.jpeg,13,220,382,41,42
crop_0639_src13.jpg,A999B401-8648-4A8A-8567-63EFCC377B4E_1_105_c.jpeg,13,241,350,53,87
crop_0640_src13.jpg,A999B401-8648-4A8A-8567-63EFCC377B4E_1_105_c.jpeg,13,313,387,60,62
crop_0641_src13.jpg,A999B401-8648-4A8A-8567-63EFCC377B4E_1_105_c.jpeg,13,377,375,64,78
crop_0642_src13.jpg,A999B401-8648-4A8A-8567-63EFCC377B4E_1_105_c.jpeg,13,449,362,63,59
crop_0643_src13.jpg,A999B401-8648-4A8A-8567-63EFCC377B4E_1_105_c.jpeg,13,535,362,75,90
crop_0644_src13.jpg,A999B401-8648-4A8A-8567-63EFCC377B4E_1_105_c.jpeg,13,580,384,42,56
crop_0645_src13.jpg,A999B401-8648-4A8A-8567-63EFCC377B4E_1_105_c.jpeg,13,53,441,95,113
crop_0646_src13.jpg,A999B401-8648-4A8A-8567-63EFCC377B4E_1_105_c.jpeg,13,159,420,86,78
crop_0647_src13.jpg,A999B401-8648-4A8A-8567-63EFCC377B4E_1_105_c.jpeg,13,240,427,63,73
crop_0648_src13.jpg,A999B401-8648-4A8A-8567-63EFCC377B4E_1_105_c.jpeg,13,463,462,48,39
crop_0649_src13.jpg,A999B401-8648-4A8A-8567-63EFCC377B4E_1_105_c.jpeg,13,469,447,51,47
crop_0650_src13.jpg,A999B401-8648-4A8A-8567-63EFCC377B4E_1_105_c.jpeg,13,467,395,191,133
crop_0651_src13.jpg,A999B401-8648-4A8A-8567-63EFCC377B4E_1_105_c.jpeg,13,0,463,71,98
crop_0652_src13.jpg,A999B401-8648-4A8A-8567-63EFCC377B4E_1_105_c.jpeg,13,123,513,113,99
crop_0653_src13.jpg,A999B401-8648-4A8A-8567-63EFCC377B4E_1_105_c.jpeg,13,263,478,86,74
crop_0654_src13.jpg,A999B401-8648-4A8A-8567-63EFCC377B4E_1_105_c.jpeg,13,376,468,60,96
crop_0655_src13.jpg,A999B401-8648-4A8A-8567-63EFCC377B4E_1_105_c.jpeg,13,434,511,98,94
crop_0656_src13.jpg,A999B401-8648-4A8A-8567-63EFCC377B4E_1_105_c.jpeg,13,538,486,93,109
crop_0657_src13.jpg,A999B401-8648-4A8A-8567-63EFCC377B4E_1_105_c.jpeg,13,67,585,55,51
crop_0658_src13.jpg,A999B401-8648-4A8A-8567-63EFCC377B4E_1_105_c.jpeg,13,60,578,96,84
crop_0659_src13.jpg,A999B401-8648-4A8A-8567-63EFCC377B4E_1_105_c.jpeg,13,238,554,97,77
crop_0660_src13.jpg,A999B401-8648-4A8A-8567-63EFCC377B4E_1_105_c.jpeg,13,513,581,86,83
crop_0661_src13.jpg,A999B401-8648-4A8A-8567-63EFCC377B4E_1_105_c.jpeg,13,3,626,43,59
crop_0662_src13.jpg,A999B401-8648-4A8A-8567-63EFCC377B4E_1_105_c.jpeg,13,46,631,106,119
crop_0663_src13.jpg,A999B401-8648-4A8A-8567-63EFCC377B4E_1_105_c.jpeg,13,133,588,78,91
crop_0664_src13.jpg,A999B401-8648-4A8A-8567-63EFCC377B4E_1_105_c.jpeg,13,190,633,96,113
crop_0665_src13.jpg,A999B401-8648-4A8A-8567-63EFCC377B4E_1_105_c.jpeg,13,351,586,65,81
crop_0666_src13.jpg,A999B401-8648-4A8A-8567-63EFCC377B4E_1_105_c.jpeg,13,382,618,98,103
crop_0667_src13.jpg,A999B401-8648-4A8A-8567-63EFCC377B4E_1_105_c.jpeg,13,585,610,80,78
crop_0668_src13.jpg,A999B401-8648-4A8A-8567-63EFCC377B4E_1_105_c.jpeg,13,288,672,68,101
crop_0669_src13.jpg,A999B401-8648-4A8A-8567-63EFCC377B4E_1_105_c.jpeg,13,359,691,70,92
crop_0670_src13.jpg,A999B401-8648-4A8A-8567-63EFCC377B4E_1_105_c.jpeg,13,460,643,101,97
crop_0671_src13.jpg,A999B401-8648-4A8A-8567-63EFCC377B4E_1_105_c.jpeg,13,606,700,38,40
crop_0672_src13.jpg,A999B401-8648-4A8A-8567-63EFCC377B4E_1_105_c.jpeg,13,41,740,67,66
crop_0673_src13.jpg,A999B401-8648-4A8A-8567-63EFCC377B4E_1_105_c.jpeg,13,135,755,59,52
crop_0674_src13.jpg,A999B401-8648-4A8A-8567-63EFCC377B4E_1_105_c.jpeg,13,212,762,86,81
crop_0675_src13.jpg,A999B401-8648-4A8A-8567-63EFCC377B4E_1_105_c.jpeg,13,528,734,59,84
crop_0676_src13.jpg,A999B401-8648-4A8A-8567-63EFCC377B4E_1_105_c.jpeg,13,558,714,45,70
crop_0677_src13.jpg,A999B401-8648-4A8A-8567-63EFCC377B4E_1_105_c.jpeg,13,621,710,40,46
crop_0678_src13.jpg,A999B401-8648-4A8A-8567-63EFCC377B4E_1_105_c.jpeg,13,19,797,88,90
crop_0679_src13.jpg,A999B401-8648-4A8A-8567-63EFCC377B4E_1_105_c.jpeg,13,100,809,117,101
crop_0680_src13.jpg,A999B401-8648-4A8A-8567-63EFCC377B4E_1_105_c.jpeg,13,290,803,104,129
crop_0681_src13.jpg,A999B401-8648-4A8A-8567-63EFCC377B4E_1_105_c.jpeg,13,372,787,109,120
crop_0682_src13.jpg,A999B401-8648-4A8A-8567-63EFCC377B4E_1_105_c.jpeg,13,460,770,83,92
crop_0683_src13.jpg,A999B401-8648-4A8A-8567-63EFCC377B4E_1_105_c.jpeg,13,592,822,55,48
crop_0684_src13.jpg,A999B401-8648-4A8A-8567-63EFCC377B4E_1_105_c.jpeg,13,603,791,40,38
crop_0685_src13.jpg,A999B401-8648-4A8A-8567-63EFCC377B4E_1_105_c.jpeg,13,518,826,90,106
crop_0686_src14.jpg,FB8B079B-EA13-4D86-AE57-A24B02994336_1_105_c.jpeg,14,268,178,86,84
crop_0687_src14.jpg,FB8B079B-EA13-4D86-AE57-A24B02994336_1_105_c.jpeg,14,362,222,78,87
crop_0688_src14.jpg,FB8B079B-EA13-4D86-AE57-A24B02994336_1_105_c.jpeg,14,165,262,74,46
crop_0689_src14.jpg,FB8B079B-EA13-4D86-AE57-A24B02994336_1_105_c.jpeg,14,222,260,43,51
crop_0690_src14.jpg,FB8B079B-EA13-4D86-AE57-A24B02994336_1_105_c.jpeg,14,456,232,78,84
crop_0691_src14.jpg,FB8B079B-EA13-4D86-AE57-A24B02994336_1_105_c.jpeg,14,531,231,102,108
crop_0692_src14.jpg,FB8B079B-EA13-4D86-AE57-A24B02994336_1_105_c.jpeg,14,103,299,88,103
crop_0693_src14.jpg,FB8B079B-EA13-4D86-AE57-A24B02994336_1_105_c.jpeg,14,259,286,90,107
crop_0694_src14.jpg,FB8B079B-EA13-4D86-AE57-A24B02994336_1_105_c.jpeg,14,396,300,96,95
crop_0695_src14.jpg,FB8B079B-EA13-4D86-AE57-A24B02994336_1_105_c.jpeg,14,500,320,98,90
crop_0696_src14.jpg,FB8B079B-EA13-4D86-AE57-A24B02994336_1_105_c.jpeg,14,571,317,102,93
crop_0697_src14.jpg,FB8B079B-EA13-4D86-AE57-A24B02994336_1_105_c.jpeg,14,222,381,80,84
crop_0698_src14.jpg,FB8B079B-EA13-4D86-AE57-A24B02994336_1_105_c.jpeg,14,350,375,98,120
crop_0699_src14.jpg,FB8B079B-EA13-4D86-AE57-A24B02994336_1_105_c.jpeg,14,500,398,113,106
crop_0700_src14.jpg,FB8B079B-EA13-4D86-AE57-A24B02994336_1_105_c.jpeg,14,588,393,113,100
crop_0701_src14.jpg,FB8B079B-EA13-4D86-AE57-A24B02994336_1_105_c.jpeg,14,111,443,90,88
crop_0702_src14.jpg,FB8B079B-EA13-4D86-AE57-A24B02994336_1_105_c.jpeg,14,292,464,84,73
crop_0703_src14.jpg,FB8B079B-EA13-4D86-AE57-A24B02994336_1_105_c.jpeg,14,430,401,106,72
crop_0704_src14.jpg,FB8B079B-EA13-4D86-AE57-A24B02994336_1_105_c.jpeg,14,212,467,86,95
crop_0705_src14.jpg,FB8B079B-EA13-4D86-AE57-A24B02994336_1_105_c.jpeg,14,383,489,90,89
crop_0706_src14.jpg,FB8B079B-EA13-4D86-AE57-A24B02994336_1_105_c.jpeg,14,482,485,95,101
crop_0707_src14.jpg,FB8B079B-EA13-4D86-AE57-A24B02994336_1_105_c.jpeg,14,560,482,106,112
crop_0708_src14.jpg,FB8B079B-EA13-4D86-AE57-A24B02994336_1_105_c.jpeg,14,649,499,98,94
crop_0709_src14.jpg,FB8B079B-EA13-4D86-AE57-A24B02994336_1_105_c.jpeg,14,172,540,107,109
crop_0710_src14.jpg,FB8B079B-EA13-4D86-AE57-A24B02994336_1_105_c.jpeg,14,296,529,105,135
crop_0711_src14.jpg,FB8B079B-EA13-4D86-AE57-A24B02994336_1_105_c.jpeg,14,381,559,88,102
crop_0712_src14.jpg,FB8B079B-EA13-4D86-AE57-A24B02994336_1_105_c.jpeg,14,482,562,110,131
crop_0713_src14.jpg,FB8B079B-EA13-4D86-AE57-A24B02994336_1_105_c.jpeg,14,172,620,97,117
crop_0714_src14.jpg,FB8B079B-EA13-4D86-AE57-A24B02994336_1_105_c.jpeg,14,273,632,74,69
crop_0715_src14.jpg,FB8B079B-EA13-4D86-AE57-A24B02994336_1_105_c.jpeg,14,331,636,79,75
crop_0716_src14.jpg,FB8B079B-EA13-4D86-AE57-A24B02994336_1_105_c.jpeg,14,570,588,81,98
crop_0717_src14.jpg,FB8B079B-EA13-4D86-AE57-A24B02994336_1_105_c.jpeg,14,240,676,98,112
crop_0718_src14.jpg,FB8B079B-EA13-4D86-AE57-A24B02994336_1_105_c.jpeg,14,436,650,92,82
crop_0719_src14.jpg,FB8B079B-EA13-4D86-AE57-A24B02994336_1_105_c.jpeg,14,415,854,120,66
crop_0720_src15.jpg,78DD1969-89F1-4EC1-B3E1-E4797427DEFE_1_105_c.jpeg,15,247,146,80,52
crop_0721_src15.jpg,78DD1969-89F1-4EC1-B3E1-E4797427DEFE_1_105_c.jpeg,15,238,169,87,64
crop_0722_src15.jpg,78DD1969-89F1-4EC1-B3E1-E4797427DEFE_1_105_c.jpeg,15,335,193,84,91
crop_0723_src15.jpg,78DD1969-89F1-4EC1-B3E1-E4797427DEFE_1_105_c.jpeg,15,436,209,78,85
crop_0724_src15.jpg,78DD1969-89F1-4EC1-B3E1-E4797427DEFE_1_105_c.jpeg,15,512,209,107,113
crop_0725_src15.jpg,78DD1969-89F1-4EC1-B3E1-E4797427DEFE_1_105_c.jpeg,15,107,280,38,48
crop_0726_src15.jpg,78DD1969-89F1-4EC1-B3E1-E4797427DEFE_1_105_c.jpeg,15,226,260,96,113
crop_0727_src15.jpg,78DD1969-89F1-4EC1-B3E1-E4797427DEFE_1_105_c.jpeg,15,370,277,100,101
crop_0728_src15.jpg,78DD1969-89F1-4EC1-B3E1-E4797427DEFE_1_105_c.jpeg,15,63,287,82,85
crop_0729_src15.jpg,78DD1969-89F1-4EC1-B3E1-E4797427DEFE_1_105_c.jpeg,15,487,333,52,54
crop_0730_src15.jpg,78DD1969-89F1-4EC1-B3E1-E4797427DEFE_1_105_c.jpeg,15,523,305,54,80
crop_0731_src15.jpg,78DD1969-89F1-4EC1-B3E1-E4797427DEFE_1_105_c.jpeg,15,552,299,107,97
crop_0732_src15.jpg,78DD1969-89F1-4EC1-B3E1-E4797427DEFE_1_105_c.jpeg,15,185,357,75,84
crop_0733_src15.jpg,78DD1969-89F1-4EC1-B3E1-E4797427DEFE_1_105_c.jpeg,15,320,356,102,126
crop_0734_src15.jpg,78DD1969-89F1-4EC1-B3E1-E4797427DEFE_1_105_c.jpeg,15,415,380,96,78
crop_0735_src15.jpg,78DD1969-89F1-4EC1-B3E1-E4797427DEFE_1_105_c.jpeg,15,476,383,119,110
crop_0736_src15.jpg,78DD1969-89F1-4EC1-B3E1-E4797427DEFE_1_105_c.jpeg,15,568,379,118,104
crop_0737_src15.jpg,78DD1969-89F1-4EC1-B3E1-E4797427DEFE_1_105_c.jpeg,15,73,421,87,92
crop_0738_src15.jpg,78DD1969-89F1-4EC1-B3E1-E4797427DEFE_1_105_c.jpeg,15,173,447,90,101
crop_0739_src15.jpg,78DD1969-89F1-4EC1-B3E1-E4797427DEFE_1_105_c.jpeg,15,260,447,87,76
crop_0740_src15.jpg,78DD1969-89F1-4EC1-B3E1-E4797427DEFE_1_105_c.jpeg,15,355,476,92,91
crop_0741_src15.jpg,78DD1969-89F1-4EC1-B3E1-E4797427DEFE_1_105_c.jpeg,15,459,474,94,103
crop_0742_src15.jpg,78DD1969-89F1-4EC1-B3E1-E4797427DEFE_1_105_c.jpeg,15,537,471,109,117
crop_0743_src15.jpg,78DD1969-89F1-4EC1-B3E1-E4797427DEFE_1_105_c.jpeg,15,629,491,101,97
crop_0744_src15.jpg,78DD1969-89F1-4EC1-B3E1-E4797427DEFE_1_105_c.jpeg,15,129,524,114,113
crop_0745_src15.jpg,78DD1969-89F1-4EC1-B3E1-E4797427DEFE_1_105_c.jpeg,15,261,516,111,140
crop_0746_src15.jpg,78DD1969-89F1-4EC1-B3E1-E4797427DEFE_1_105_c.jpeg,15,350,548,94,107
crop_0747_src15.jpg,78DD1969-89F1-4EC1-B3E1-E4797427DEFE_1_105_c.jpeg,15,455,552,112,136
crop_0748_src15.jpg,78DD1969-89F1-4EC1-B3E1-E4797427DEFE_1_105_c.jpeg,15,129,609,101,120
crop_0749_src15.jpg,78DD1969-89F1-4EC1-B3E1-E4797427DEFE_1_105_c.jpeg,15,237,622,75,71
crop_0750_src15.jpg,78DD1969-89F1-4EC1-B3E1-E4797427DEFE_1_105_c.jpeg,15,297,626,84,80
crop_0751_src15.jpg,78DD1969-89F1-4EC1-B3E1-E4797427DEFE_1_105_c.jpeg,15,560,597,65,81
crop_0752_src15.jpg,78DD1969-89F1-4EC1-B3E1-E4797427DEFE_1_105_c.jpeg,15,201,667,101,117
crop_0753_src15.jpg,78DD1969-89F1-4EC1-B3E1-E4797427DEFE_1_105_c.jpeg,15,406,643,95,84
crop_0754_src15.jpg,78DD1969-89F1-4EC1-B3E1-E4797427DEFE_1_105_c.jpeg,15,716,873,52,36
crop_0755_src16.jpg,00523BA4-A1F6-4B41-9611-2275791654E0_1_105_c.jpeg,16,193,150,96,92
crop_0756_src16.jpg,00523BA4-A1F6-4B41-9611-2275791654E0_1_105_c.jpeg,16,274,120,86,79
crop_0757_src16.jpg,00523BA4-A1F6-4B41-9611-2275791654E0_1_105_c.jpeg,16,346,121,86,75
crop_0758_src16.jpg,00523BA4-A1F6-4B41-9611-2275791654E0_1_105_c.jpeg,16,411,153,83,85
crop_0759_src16.jpg,00523BA4-A1F6-4B41-9611-2275791654E0_1_105_c.jpeg,16,661,109,60,63
crop_0760_src16.jpg,00523BA4-A1F6-4B41-9611-2275791654E0_1_105_c.jpeg,16,664,140,83,120
crop_0761_src16.jpg,00523BA4-A1F6-4B41-9611-2275791654E0_1_105_c.jpeg,16,91,169,119,109
crop_0762_src16.jpg,00523BA4-A1F6-4B41-9611-2275791654E0_1_105_c.jpeg,16,289,214,57,63
crop_0763_src16.jpg,00523BA4-A1F6-4B41-9611-2275791654E0_1_105_c.jpeg,16,344,179,78,79
crop_0764_src16.jpg,00523BA4-A1F6-4B41-9611-2275791654E0_1_105_c.jpeg,16,452,204,93,96
crop_0765_src16.jpg,00523BA4-A1F6-4B41-9611-2275791654E0_1_105_c.jpeg,16,514,222,95,92
crop_0766_src16.jpg,00523BA4-A1F6-4B41-9611-2275791654E0_1_105_c.jpeg,16,71,276,90,85
crop_0767_src16.jpg,00523BA4-A1F6-4B41-9611-2275791654E0_1_105_c.jpeg,16,170,257,65,67
crop_0768_src16.jpg,00523BA4-A1F6-4B41-9611-2275791654E0_1_105_c.jpeg,16,216,232,80,76
crop_0769_src16.jpg,00523BA4-A1F6-4B41-9611-2275791654E0_1_105_c.jpeg,16,399,233,70,84
crop_0770_src16.jpg,00523BA4-A1F6-4B41-9611-2275791654E0_1_105_c.jpeg,16,690,276,64,60
crop_0771_src16.jpg,00523BA4-A1F6-4B41-9611-2275791654E0_1_105_c.jpeg,16,137,337,66,70
crop_0772_src16.jpg,00523BA4-A1F6-4B41-9611-2275791654E0_1_105_c.jpeg,16,196,293,118,162
crop_0773_src16.jpg,00523BA4-A1F6-4B41-9611-2275791654E0_1_105_c.jpeg,16,311,296,53,43
crop_0774_src16.jpg,00523BA4-A1F6-4B41-9611-2275791654E0_1_105_c.jpeg,16,349,337,57,69
crop_0775_src16.jpg,00523BA4-A1F6-4B41-9611-2275791654E0_1_105_c.jpeg,16,400,307,88,97
crop_0776_src16.jpg,00523BA4-A1F6-4B41-9611-2275791654E0_1_105_c.jpeg,16,474,318,66,74
crop_0777_src16.jpg,00523BA4-A1F6-4B41-9611-2275791654E0_1_105_c.jpeg,16,522,300,96,94
crop_0778_src16.jpg,00523BA4-A1F6-4B41-9611-2275791654E0_1_105_c.jpeg,16,63,350,84,79
crop_0779_src16.jpg,00523BA4-A1F6-4B41-9611-2275791654E0_1_105_c.jpeg,16,282,392,80,84
crop_0780_src16.jpg,00523BA4-A1F6-4B41-9611-2275791654E0_1_105_c.jpeg,16,410,397,78,74
crop_0781_src16.jpg,00523BA4-A1F6-4B41-9611-2275791654E0_1_105_c.jpeg,16,472,382,108,90
crop_0782_src16.jpg,00523BA4-A1F6-4B41-9611-2275791654E0_1_105_c.jpeg,16,548,393,90,77
crop_0783_src16.jpg,00523BA4-A1F6-4B41-9611-2275791654E0_1_105_c.jpeg,16,699,387,50,59
crop_0784_src16.jpg,00523BA4-A1F6-4B41-9611-2275791654E0_1_105_c.jpeg,16,50,417,89,91
crop_0785_src16.jpg,00523BA4-A1F6-4B41-9611-2275791654E0_1_105_c.jpeg,16,116,466,60,70
crop_0786_src16.jpg,00523BA4-A1F6-4B41-9611-2275791654E0_1_105_c.jpeg,16,157,419,54,53
crop_0787_src16.jpg,00523BA4-A1F6-4B41-9611-2275791654E0_1_105_c.jpeg,16,210,418,64,58
crop_0788_src16.jpg,00523BA4-A1F6-4B41-9611-2275791654E0_1_105_c.jpeg,16,237,461,66,69
crop_0789_src16.jpg,00523BA4-A1F6-4B41-9611-2275791654E0_1_105_c.jpeg,16,359,427,62,58
crop_0790_src16.jpg,00523BA4-A1F6-4B41-9611-2275791654E0_1_105_c.jpeg,16,495,455,91,89
crop_0791_src16.jpg,00523BA4-A1F6-4B41-9611-2275791654E0_1_105_c.jpeg,16,577,466,59,67
crop_0792_src16.jpg,00523BA4-A1F6-4B41-9611-2275791654E0_1_105_c.jpeg,16,677,449,56,54
crop_0793_src16.jpg,00523BA4-A1F6-4B41-9611-2275791654E0_1_105_c.jpeg,16,29,490,94,95
crop_0794_src16.jpg,00523BA4-A1F6-4B41-9611-2275791654E0_1_105_c.jpeg,16,192,507,80,97
crop_0795_src16.jpg,00523BA4-A1F6-4B41-9611-2275791654E0_1_105_c.jpeg,16,297,462,129,137
crop_0796_src16.jpg,00523BA4-A1F6-4B41-9611-2275791654E0_1_105_c.jpeg,16,373,466,78,73
crop_0797_src16.jpg,00523BA4-A1F6-4B41-9611-2275791654E0_1_105_c.jpeg,16,437,469,86,80
crop_0798_src16.jpg,00523BA4-A1F6-4B41-9611-2275791654E0_1_105_c.jpeg,16,467,524,70,65
crop_0799_src16.jpg,00523BA4-A1F6-4B41-9611-2275791654E0_1_105_c.jpeg,16,113,550,83,96
crop_0800_src16.jpg,00523BA4-A1F6-4B41-9611-2275791654E0_1_105_c.jpeg,16,266,526,83,84
crop_0801_src16.jpg,00523BA4-A1F6-4B41-9611-2275791654E0_1_105_c.jpeg,16,410,533,68,75
crop_0802_src16.jpg,00523BA4-A1F6-4B41-9611-2275791654E0_1_105_c.jpeg,16,535,535,69,69
crop_0803_src16.jpg,00523BA4-A1F6-4B41-9611-2275791654E0_1_105_c.jpeg,16,538,581,79,76
crop_0804_src16.jpg,00523BA4-A1F6-4B41-9611-2275791654E0_1_105_c.jpeg,16,708,542,52,50
crop_0805_src16.jpg,00523BA4-A1F6-4B41-9611-2275791654E0_1_105_c.jpeg,16,70,620,93,97
crop_0806_src16.jpg,00523BA4-A1F6-4B41-9611-2275791654E0_1_105_c.jpeg,16,207,596,73,80
crop_0807_src16.jpg,00523BA4-A1F6-4B41-9611-2275791654E0_1_105_c.jpeg,16,289,607,85,87
crop_0808_src16.jpg,00523BA4-A1F6-4B41-9611-2275791654E0_1_105_c.jpeg,16,340,571,208,174
crop_0809_src16.jpg,00523BA4-A1F6-4B41-9611-2275791654E0_1_105_c.jpeg,16,494,590,65,79
crop_0810_src16.jpg,00523BA4-A1F6-4B41-9611-2275791654E0_1_105_c.jpeg,16,663,600,79,69
crop_0811_src16.jpg,00523BA4-A1F6-4B41-9611-2275791654E0_1_105_c.jpeg,16,149,680,71,90
crop_0812_src16.jpg,00523BA4-A1F6-4B41-9611-2275791654E0_1_105_c.jpeg,16,214,696,74,72
crop_0813_src16.jpg,00523BA4-A1F6-4B41-9611-2275791654E0_1_105_c.jpeg,16,302,690,82,87
crop_0814_src16.jpg,00523BA4-A1F6-4B41-9611-2275791654E0_1_105_c.jpeg,16,367,670,81,81
crop_0815_src16.jpg,00523BA4-A1F6-4B41-9611-2275791654E0_1_105_c.jpeg,16,505,640,108,114
crop_0816_src17.jpg,9BEACF8A-45DD-4C40-BD5E-00AA3461A4EF_1_105_c.jpeg,17,643,7,125,135
crop_0817_src17.jpg,9BEACF8A-45DD-4C40-BD5E-00AA3461A4EF_1_105_c.jpeg,17,396,159,62,61
crop_0818_src17.jpg,9BEACF8A-45DD-4C40-BD5E-00AA3461A4EF_1_105_c.jpeg,17,0,171,76,58
crop_0819_src17.jpg,9BEACF8A-45DD-4C40-BD5E-00AA3461A4EF_1_105_c.jpeg,17,67,214,84,81
crop_0820_src17.jpg,9BEACF8A-45DD-4C40-BD5E-00AA3461A4EF_1_105_c.jpeg,17,70,172,90,59
crop_0821_src17.jpg,9BEACF8A-45DD-4C40-BD5E-00AA3461A4EF_1_105_c.jpeg,17,140,191,87,84
crop_0822_src17.jpg,9BEACF8A-45DD-4C40-BD5E-00AA3461A4EF_1_105_c.jpeg,17,407,202,72,102
crop_0823_src17.jpg,9BEACF8A-45DD-4C40-BD5E-00AA3461A4EF_1_105_c.jpeg,17,504,173,50,49
crop_0824_src17.jpg,9BEACF8A-45DD-4C40-BD5E-00AA3461A4EF_1_105_c.jpeg,17,2,245,65,68
crop_0825_src17.jpg,9BEACF8A-45DD-4C40-BD5E-00AA3461A4EF_1_105_c.jpeg,17,136,274,61,63
crop_0826_src17.jpg,9BEACF8A-45DD-4C40-BD5E-00AA3461A4EF_1_105_c.jpeg,17,189,244,96,96
crop_0827_src17.jpg,9BEACF8A-45DD-4C40-BD5E-00AA3461A4EF_1_105_c.jpeg,17,255,265,96,94
crop_0828_src17.jpg,9BEACF8A-45DD-4C40-BD5E-00AA3461A4EF_1_105_c.jpeg,17,528,256,48,55
crop_0829_src17.jpg,9BEACF8A-45DD-4C40-BD5E-00AA3461A4EF_1_105_c.jpeg,17,13,301,86,90
crop_0830_src17.jpg,9BEACF8A-45DD-4C40-BD5E-00AA3461A4EF_1_105_c.jpeg,17,435,323,59,58
crop_0831_src17.jpg,9BEACF8A-45DD-4C40-BD5E-00AA3461A4EF_1_105_c.jpeg,17,568,316,43,58
crop_0832_src17.jpg,9BEACF8A-45DD-4C40-BD5E-00AA3461A4EF_1_105_c.jpeg,17,78,377,65,70
crop_0833_src17.jpg,9BEACF8A-45DD-4C40-BD5E-00AA3461A4EF_1_105_c.jpeg,17,132,344,104,118
crop_0834_src17.jpg,9BEACF8A-45DD-4C40-BD5E-00AA3461A4EF_1_105_c.jpeg,17,218,361,67,75
crop_0835_src17.jpg,9BEACF8A-45DD-4C40-BD5E-00AA3461A4EF_1_105_c.jpeg,17,269,344,97,95
crop_0836_src17.jpg,9BEACF8A-45DD-4C40-BD5E-00AA3461A4EF_1_105_c.jpeg,17,516,395,52,48
crop_0837_src17.jpg,9BEACF8A-45DD-4C40-BD5E-00AA3461A4EF_1_105_c.jpeg,17,560,367,36,43
crop_0838_src17.jpg,9BEACF8A-45DD-4C40-BD5E-00AA3461A4EF_1_105_c.jpeg,17,0,435,93,96
crop_0839_src17.jpg,9BEACF8A-45DD-4C40-BD5E-00AA3461A4EF_1_105_c.jpeg,17,150,436,87,82
crop_0840_src17.jpg,9BEACF8A-45DD-4C40-BD5E-00AA3461A4EF_1_105_c.jpeg,17,220,426,113,93
crop_0841_src17.jpg,9BEACF8A-45DD-4C40-BD5E-00AA3461A4EF_1_105_c.jpeg,17,302,438,85,76
crop_0842_src17.jpg,9BEACF8A-45DD-4C40-BD5E-00AA3461A4EF_1_105_c.jpeg,17,446,430,51,63
crop_0843_src17.jpg,9BEACF8A-45DD-4C40-BD5E-00AA3461A4EF_1_105_c.jpeg,17,551,409,71,78
crop_0844_src17.jpg,9BEACF8A-45DD-4C40-BD5E-00AA3461A4EF_1_105_c.jpeg,17,34,523,85,78
crop_0845_src17.jpg,9BEACF8A-45DD-4C40-BD5E-00AA3461A4EF_1_105_c.jpeg,17,94,473,69,62
crop_0846_src17.jpg,9BEACF8A-45DD-4C40-BD5E-00AA3461A4EF_1_105_c.jpeg,17,114,513,84,78
crop_0847_src17.jpg,9BEACF8A-45DD-4C40-BD5E-00AA3461A4EF_1_105_c.jpeg,17,184,516,92,84
crop_0848_src17.jpg,9BEACF8A-45DD-4C40-BD5E-00AA3461A4EF_1_105_c.jpeg,17,250,503,92,89
crop_0849_src17.jpg,9BEACF8A-45DD-4C40-BD5E-00AA3461A4EF_1_105_c.jpeg,17,333,513,58,62
crop_0850_src17.jpg,9BEACF8A-45DD-4C40-BD5E-00AA3461A4EF_1_105_c.jpeg,17,428,487,57,58
crop_0851_src17.jpg,9BEACF8A-45DD-4C40-BD5E-00AA3461A4EF_1_105_c.jpeg,17,515,483,48,54
crop_0852_src17.jpg,9BEACF8A-45DD-4C40-BD5E-00AA3461A4EF_1_105_c.jpeg,17,581,499,37,48
crop_0853_src17.jpg,9BEACF8A-45DD-4C40-BD5E-00AA3461A4EF_1_105_c.jpeg,17,78,586,39,55
crop_0854_src17.jpg,9BEACF8A-45DD-4C40-BD5E-00AA3461A4EF_1_105_c.jpeg,17,88,572,70,74
crop_0855_src17.jpg,9BEACF8A-45DD-4C40-BD5E-00AA3461A4EF_1_105_c.jpeg,17,159,584,72,79
crop_0856_src17.jpg,9BEACF8A-45DD-4C40-BD5E-00AA3461A4EF_1_105_c.jpeg,17,224,572,69,69
crop_0857_src17.jpg,9BEACF8A-45DD-4C40-BD5E-00AA3461A4EF_1_105_c.jpeg,17,292,581,73,72
crop_0858_src17.jpg,9BEACF8A-45DD-4C40-BD5E-00AA3461A4EF_1_105_c.jpeg,17,462,580,51,52
crop_0859_src17.jpg,9BEACF8A-45DD-4C40-BD5E-00AA3461A4EF_1_105_c.jpeg,17,494,553,82,97
crop_0860_src17.jpg,9BEACF8A-45DD-4C40-BD5E-00AA3461A4EF_1_105_c.jpeg,17,573,558,56,59
crop_0861_src17.jpg,9BEACF8A-45DD-4C40-BD5E-00AA3461A4EF_1_105_c.jpeg,17,0,587,81,86
crop_0862_src17.jpg,9BEACF8A-45DD-4C40-BD5E-00AA3461A4EF_1_105_c.jpeg,17,250,639,69,84
crop_0863_src17.jpg,9BEACF8A-45DD-4C40-BD5E-00AA3461A4EF_1_105_c.jpeg,17,296,629,81,76
crop_0864_src17.jpg,9BEACF8A-45DD-4C40-BD5E-00AA3461A4EF_1_105_c.jpeg,17,420,642,79,73
crop_0865_src17.jpg,9BEACF8A-45DD-4C40-BD5E-00AA3461A4EF_1_105_c.jpeg,17,565,632,48,57
crop_0866_src17.jpg,9BEACF8A-45DD-4C40-BD5E-00AA3461A4EF_1_105_c.jpeg,17,730,643,38,42
crop_0867_src17.jpg,9BEACF8A-45DD-4C40-BD5E-00AA3461A4EF_1_105_c.jpeg,17,14,669,103,103
crop_0868_src17.jpg,9BEACF8A-45DD-4C40-BD5E-00AA3461A4EF_1_105_c.jpeg,17,74,623,240,188
crop_0869_src17.jpg,9BEACF8A-45DD-4C40-BD5E-00AA3461A4EF_1_105_c.jpeg,17,264,695,113,117
crop_0870_src17.jpg,9BEACF8A-45DD-4C40-BD5E-00AA3461A4EF_1_105_c.jpeg,17,500,662,47,58
crop_0871_src17.jpg,9BEACF8A-45DD-4C40-BD5E-00AA3461A4EF_1_105_c.jpeg,17,575,684,47,48
crop_0872_src17.jpg,9BEACF8A-45DD-4C40-BD5E-00AA3461A4EF_1_105_c.jpeg,17,36,761,96,97
crop_0873_src17.jpg,9BEACF8A-45DD-4C40-BD5E-00AA3461A4EF_1_105_c.jpeg,17,108,734,96,91
crop_0874_src17.jpg,9BEACF8A-45DD-4C40-BD5E-00AA3461A4EF_1_105_c.jpeg,17,504,723,56,58
crop_0875_src17.jpg,9BEACF8A-45DD-4C40-BD5E-00AA3461A4EF_1_105_c.jpeg,17,0,820,236,155
crop_0876_src17.jpg,9BEACF8A-45DD-4C40-BD5E-00AA3461A4EF_1_105_c.jpeg,17,357,883,41,46
crop_0877_src18.jpg,FE2E7532-9BA7-41EA-A16F-BAEB26EE764C_1_105_c.jpeg,18,897,0,127,198
crop_0878_src18.jpg,FE2E7532-9BA7-41EA-A16F-BAEB26EE764C_1_105_c.jpeg,18,889,516,59,95
crop_0879_src18.jpg,FE2E7532-9BA7-41EA-A16F-BAEB26EE764C_1_105_c.jpeg,18,901,676,36,46
